Workbook

Sheet Overview
C1: 0
B2: =Stats!B5 -> Continue on: | C2: =Stats!C5 -> 45473
O3: (across all courses)
A5: No | B5: Course | C5: TUD College | D5: Area | E5: Topic | F5: Concept | G5: PIRA1 | H5: PIRA2 | I5: PIRA3 Coding | J5: PIRA4 Coding | K5: Instructor | L5: Instructor | M5: Date | N5: Demo | O5: Occurences | P5: Website | Q5: Description | R5: =Demos!H3 -> Video recording | S5: Note | T5: Demonstrated [Y/N] | U5: Video Recorded [Y/N] | V5: Tables per demo | W5: Tables per week
A6: =ROW()-5 -> 1 | B6: Matching Day | C6: =IFERROR(VLOOKUP(B6, Courses!$C$3:$E$836, 2, FALSE),"") -> Matching Day | D6: =IFERROR(VLOOKUP(MID(G6,1,1), PIRA!$B$1:$E$1146, 2, FALSE),"") -> 1 Mechanics | E6: =IFERROR(VLOOKUP(MID(G6,1,2),PIRA!$B$1:$E$1144,2,FALSE),"")&" "&IFERROR(VLOOKUP(MID(H6,1,2),PIRA!$B$1:$E$1144,2,FALSE),"")&" "&IFERROR(VLOOKUP(MID(I6,1,2),PIRA!$B$1:$E$1144,2,FALSE),"") -> Rotational Dynamics | F6: =IFERROR(VLOOKUP(MID(G6,1,4),PIRA!$B$1:$E$1144,2,FALSE),"")&" "&IFERROR(VLOOKUP(MID(H6,1,4),PIRA!$B$1:$E$1144,2,FALSE),"")&" "&IFERROR(VLOOKUP(MID(I6,1,4),PIRA!$B$1:$E$1144,2,FALSE),"") -> Gyros | G6: 1Q50.04 | H6: =IFERROR(IF(VLOOKUP(G6,Demos!$B$3:$K$1368,2,FALSE)=0,"",VLOOKUP(G6,Demos!$B$3:$K$1368,2,FALSE)),"") | I6: =IFERROR(IF(VLOOKUP(G6,Demos!$B$3:$K$1368,3,FALSE)=0,"",VLOOKUP(G6,Demos!$B$3:$K$1368,3,FALSE)),"") | J6: =IFERROR(IF(VLOOKUP(G6,Demos!$B$3:$K$1368,4,FALSE)=0,"",VLOOKUP(G6,Demos!$B$3:$K$1368,4,FALSE)),"") | K6: Koen van Dongen | L6: Ron Haaksman | M6: 45473 | N6: =IFERROR(VLOOKUP(G6,Demos!$B$3:$K$1368,5,FALSE),"") -> Precession (2) | O6: =IF(N6="","",COUNTIF($N$6:N2125, N6)) -> 62 | P6: =IFERROR(IF(VLOOKUP(G6,Demos!$B$3:$K$1368,6,FALSE)=0,"",VLOOKUP(G6,Demos!$B$3:$K$1368,6,FALSE)),"") -> www.de-monstrare.nl/pdf/Precession%20_2_.pdf | Q6: =IFERROR(IF(VLOOKUP(G6,Demos!$B$3:$K$1368,8,FALSE)=0,"",VLOOKUP(G6,Demos!$B$3:$K$1368,8,FALSE)),"") | R6: =IFERROR(IF(VLOOKUP(G6,Demos!$B$3:$K$1368,7,FALSE)=0,"",VLOOKUP(G6,Demos!$B$3:$K$1368,7,FALSE)),"") | U6: =IFERROR(VLOOKUP(G6,Demos!$B$7:N6043,12,FALSE),"")
A7: =ROW()-5 -> 2 | B7: TN2785 | C7: =IFERROR(VLOOKUP(B7, Courses!$C$3:$E$836, 2, FALSE),"") -> Physical Transport Phenomena | D7: =IFERROR(VLOOKUP(MID(G7,1,1), PIRA!$B$1:$E$1146, 2, FALSE),"") -> 2 Fluid Mechanics | E7: =IFERROR(VLOOKUP(MID(G7,1,2),PIRA!$B$1:$E$1144,2,FALSE),"")&" "&IFERROR(VLOOKUP(MID(H7,1,2),PIRA!$B$1:$E$1144,2,FALSE),"")&" "&IFERROR(VLOOKUP(MID(I7,1,2),PIRA!$B$1:$E$1144,2,FALSE),"") -> Dynamics of Fluids | F7: =IFERROR(VLOOKUP(MID(G7,1,4),PIRA!$B$1:$E$1144,2,FALSE),"")&" "&IFERROR(VLOOKUP(MID(H7,1,4),PIRA!$B$1:$E$1144,2,FALSE),"")&" "&IFERROR(VLOOKUP(MID(I7,1,4),PIRA!$B$1:$E$1144,2,FALSE),"") -> Non Newtonian Fluids | G7: 2C60.30 | H7: =IFERROR(IF(VLOOKUP(G7,Demos!$B$3:$K$1368,2,FALSE)=0,"",VLOOKUP(G7,Demos!$B$3:$K$1368,2,FALSE)),"") | I7: =IFERROR(IF(VLOOKUP(G7,Demos!$B$3:$K$1368,3,FALSE)=0,"",VLOOKUP(G7,Demos!$B$3:$K$1368,3,FALSE)),"") | J7: =IFERROR(IF(VLOOKUP(G7,Demos!$B$3:$K$1368,4,FALSE)=0,"",VLOOKUP(G7,Demos!$B$3:$K$1368,4,FALSE)),"") | K7: Martin Rohde | M7: 45463 | N7: =IFERROR(VLOOKUP(G7,Demos!$B$3:$K$1368,5,FALSE),"") -> Cornstarch | O7: =IF(N7="","",COUNTIF($N$6:N2126, N7)) -> 7 | P7: =IFERROR(IF(VLOOKUP(G7,Demos!$B$3:$K$1368,6,FALSE)=0,"",VLOOKUP(G7,Demos!$B$3:$K$1368,6,FALSE)),"") -> N/A | Q7: =IFERROR(IF(VLOOKUP(G7,Demos!$B$3:$K$1368,8,FALSE)=0,"",VLOOKUP(G7,Demos!$B$3:$K$1368,8,FALSE)),"") -> Cornstarch mixed with water, punch it, throw a metal ball in it from a height, or just slowely place the sphere on the surface. | R7: =IFERROR(IF(VLOOKUP(G7,Demos!$B$3:$K$1368,7,FALSE)=0,"",VLOOKUP(G7,Demos!$B$3:$K$1368,7,FALSE)),"") -> See 2021 Zoomopname "Recording (1).mp4" that is "opname hoorcollege 19.mp4" from 01:07 and Collegerama recording 2011/2012 - https://collegerama.tudelft.nl/Mediasite/Channel/as-bsc-tn/watch/ and 20June 2023 "TN2786_020" recording from 00:18:48 on https://collegeramavideoportal.tudelft.nl/catalogue/tn2786/presentation/68504749c58049f6866eec6f346bbda21d?academicYear=2022-2023-tn2786 | U7: =IFERROR(VLOOKUP(G7,Demos!$B$7:N5904,12,FALSE),"") -> 0
A8: =ROW()-5 -> 3 | B8: TN2054 | C8: =IFERROR(VLOOKUP(B8, Courses!$C$3:$E$836, 2, FALSE),"") -> Electromagnetism | D8: =IFERROR(VLOOKUP(MID(G8,1,1), PIRA!$B$1:$E$1146, 2, FALSE),"") -> 5 Electricity and Magnetism | E8: =IFERROR(VLOOKUP(MID(G8,1,2),PIRA!$B$1:$E$1144,2,FALSE),"")&" "&IFERROR(VLOOKUP(MID(H8,1,2),PIRA!$B$1:$E$1144,2,FALSE),"")&" "&IFERROR(VLOOKUP(MID(I8,1,2),PIRA!$B$1:$E$1144,2,FALSE),"") -> AC Circuits Magnetic Fields and Forces | F8: =IFERROR(VLOOKUP(MID(G8,1,4),PIRA!$B$1:$E$1144,2,FALSE),"")&" "&IFERROR(VLOOKUP(MID(H8,1,4),PIRA!$B$1:$E$1144,2,FALSE),"")&" "&IFERROR(VLOOKUP(MID(I8,1,4),PIRA!$B$1:$E$1144,2,FALSE),"") -> Impedance Magnetic Fields | G8: 5L10.41 | H8: =IFERROR(IF(VLOOKUP(G8,Demos!$B$3:$K$1368,2,FALSE)=0,"",VLOOKUP(G8,Demos!$B$3:$K$1368,2,FALSE)),"") -> 5H10.61 | I8: =IFERROR(IF(VLOOKUP(G8,Demos!$B$3:$K$1368,3,FALSE)=0,"",VLOOKUP(G8,Demos!$B$3:$K$1368,3,FALSE)),"") | J8: =IFERROR(IF(VLOOKUP(G8,Demos!$B$3:$K$1368,4,FALSE)=0,"",VLOOKUP(G8,Demos!$B$3:$K$1368,4,FALSE)),"") | K8: Jeroen Kalkman | L8: Niels van Dijk | M8: 45462 | N8: =IFERROR(VLOOKUP(G8,Demos!$B$3:$K$1368,5,FALSE),"") -> Skin Effect | O8: =IF(N8="","",COUNTIF($N$6:N2127, N8)) -> 5 | P8: =IFERROR(IF(VLOOKUP(G8,Demos!$B$3:$K$1368,6,FALSE)=0,"",VLOOKUP(G8,Demos!$B$3:$K$1368,6,FALSE)),"") -> N/A | Q8: =IFERROR(IF(VLOOKUP(G8,Demos!$B$3:$K$1368,8,FALSE)=0,"",VLOOKUP(G8,Demos!$B$3:$K$1368,8,FALSE)),"") -> Still have to device a demonstration setup (12-Sep-13) | R8: =IFERROR(IF(VLOOKUP(G8,Demos!$B$3:$K$1368,7,FALSE)=0,"",VLOOKUP(G8,Demos!$B$3:$K$1368,7,FALSE)),"") | U8: =IFERROR(VLOOKUP(G8,Demos!$B$7:N5907,12,FALSE),"")
A9: =ROW()-5 -> 4 | B9: TN2785 | C9: =IFERROR(VLOOKUP(B9, Courses!$C$3:$E$836, 2, FALSE),"") -> Physical Transport Phenomena | D9: =IFERROR(VLOOKUP(MID(G9,1,1), PIRA!$B$1:$E$1146, 2, FALSE),"") -> 4 Thermodynamics | E9: =IFERROR(VLOOKUP(MID(G9,1,2),PIRA!$B$1:$E$1144,2,FALSE),"")&" "&IFERROR(VLOOKUP(MID(H9,1,2),PIRA!$B$1:$E$1144,2,FALSE),"")&" "&IFERROR(VLOOKUP(MID(I9,1,2),PIRA!$B$1:$E$1144,2,FALSE),"") -> Entropy and the Second Law | F9: =IFERROR(VLOOKUP(MID(G9,1,4),PIRA!$B$1:$E$1144,2,FALSE),"")&" "&IFERROR(VLOOKUP(MID(H9,1,4),PIRA!$B$1:$E$1144,2,FALSE),"")&" "&IFERROR(VLOOKUP(MID(I9,1,4),PIRA!$B$1:$E$1144,2,FALSE),"") -> Entropy | G9: 4F10.03 | H9: =IFERROR(IF(VLOOKUP(G9,Demos!$B$3:$K$1368,2,FALSE)=0,"",VLOOKUP(G9,Demos!$B$3:$K$1368,2,FALSE)),"") | I9: =IFERROR(IF(VLOOKUP(G9,Demos!$B$3:$K$1368,3,FALSE)=0,"",VLOOKUP(G9,Demos!$B$3:$K$1368,3,FALSE)),"") | J9: =IFERROR(IF(VLOOKUP(G9,Demos!$B$3:$K$1368,4,FALSE)=0,"",VLOOKUP(G9,Demos!$B$3:$K$1368,4,FALSE)),"") | K9: Martin Rohde | M9: 45459 | N9: =IFERROR(VLOOKUP(G9,Demos!$B$3:$K$1368,5,FALSE),"") -> Violation of the Entropy Law? | O9: =IF(N9="","",COUNTIF($N$6:N2128, N9)) -> 10 | P9: =IFERROR(IF(VLOOKUP(G9,Demos!$B$3:$K$1368,6,FALSE)=0,"",VLOOKUP(G9,Demos!$B$3:$K$1368,6,FALSE)),"") -> http://www.de-monstrare.nl/pdf/Violation%20of%20the%20entropy%20law.pdf | Q9: =IFERROR(IF(VLOOKUP(G9,Demos!$B$3:$K$1368,8,FALSE)=0,"",VLOOKUP(G9,Demos!$B$3:$K$1368,8,FALSE)),"") | R9: =IFERROR(IF(VLOOKUP(G9,Demos!$B$3:$K$1368,7,FALSE)=0,"",VLOOKUP(G9,Demos!$B$3:$K$1368,7,FALSE)),"") -> See 2021 Zoomopname "Recording1.mp4" that is "opname hoorcollege 18.mp4" from 01:18:01 and Collegerama recording 2011/2012 - https://collegerama.tudelft.nl/Mediasite/Channel/as-bsc-tn/watch/b6b2331bc2144aba9c70d01fb3cfa6311d and 16 June 2023 "TN2786_019" recording from 00:05:40 on https://collegeramavideoportal.tudelft.nl/catalogue/tn2786/presentation/b21269167c454661aa9f66f4762bcfda1d?academicYear=2022-2023-tn2786 | U9: =IFERROR(VLOOKUP(G9,Demos!$B$7:N5906,12,FALSE),"")
A10: =ROW()-5 -> 5 | B10: TN2785 | C10: =IFERROR(VLOOKUP(B10, Courses!$C$3:$E$836, 2, FALSE),"") -> Physical Transport Phenomena | D10: =IFERROR(VLOOKUP(MID(G10,1,1), PIRA!$B$1:$E$1146, 2, FALSE),"") -> 2 Fluid Mechanics | E10: =IFERROR(VLOOKUP(MID(G10,1,2),PIRA!$B$1:$E$1144,2,FALSE),"")&" "&IFERROR(VLOOKUP(MID(H10,1,2),PIRA!$B$1:$E$1144,2,FALSE),"")&" "&IFERROR(VLOOKUP(MID(I10,1,2),PIRA!$B$1:$E$1144,2,FALSE),"") -> Dynamics of Fluids | F10: =IFERROR(VLOOKUP(MID(G10,1,4),PIRA!$B$1:$E$1144,2,FALSE),"")&" "&IFERROR(VLOOKUP(MID(H10,1,4),PIRA!$B$1:$E$1144,2,FALSE),"")&" "&IFERROR(VLOOKUP(MID(I10,1,4),PIRA!$B$1:$E$1144,2,FALSE),"") -> Flow Rate | G10: 2C10.10 | H10: =IFERROR(IF(VLOOKUP(G10,Demos!$B$3:$K$1368,2,FALSE)=0,"",VLOOKUP(G10,Demos!$B$3:$K$1368,2,FALSE)),"") | I10: =IFERROR(IF(VLOOKUP(G10,Demos!$B$3:$K$1368,3,FALSE)=0,"",VLOOKUP(G10,Demos!$B$3:$K$1368,3,FALSE)),"") | J10: =IFERROR(IF(VLOOKUP(G10,Demos!$B$3:$K$1368,4,FALSE)=0,"",VLOOKUP(G10,Demos!$B$3:$K$1368,4,FALSE)),"") | K10: Martin Rohde | M10: 45457 | N10: =IFERROR(VLOOKUP(G10,Demos!$B$3:$K$1368,5,FALSE),"") -> Draining time of a water container through a long and short hose | O10: =IF(N10="","",COUNTIF($N$6:N2129, N10)) -> 7 | P10: =IFERROR(IF(VLOOKUP(G10,Demos!$B$3:$K$1368,6,FALSE)=0,"",VLOOKUP(G10,Demos!$B$3:$K$1368,6,FALSE)),"") -> N/A | Q10: =IFERROR(IF(VLOOKUP(G10,Demos!$B$3:$K$1368,8,FALSE)=0,"",VLOOKUP(G10,Demos!$B$3:$K$1368,8,FALSE)),"") | R10: =IFERROR(IF(VLOOKUP(G10,Demos!$B$3:$K$1368,7,FALSE)=0,"",VLOOKUP(G10,Demos!$B$3:$K$1368,7,FALSE)),"") -> See 2021 Zoomopname "Recording.mp4", that is "opname hoorcollege 17.mp4" and Collegerama recording 2011/2012 - https://collegerama.tudelft.nl/Mediasite/Channel/as-bsc-tn/watch/b6b2331bc2144aba9c70d01fb3cfa6311d and 14 June 2023 recording "TN2786_018" from 01:01:30 up until 01:21:00 https://collegeramavideoportal.tudelft.nl/catalogue/tn2786/presentation/20fe5ac00eb6426484f37c124af17dd31d?academicYear=2022-2023-tn2786 | T10: Yes (myself) | U10: =IFERROR(VLOOKUP(G10,Demos!$B$7:N5908,12,FALSE),"") -> 0
A11: =ROW()-5 -> 6 | B11: TN2054 | C11: =IFERROR(VLOOKUP(B11, Courses!$C$3:$E$836, 2, FALSE),"") -> Electromagnetism | D11: =IFERROR(VLOOKUP(MID(G11,1,1), PIRA!$B$1:$E$1146, 2, FALSE),"") -> 5 Electricity and Magnetism | E11: =IFERROR(VLOOKUP(MID(G11,1,2),PIRA!$B$1:$E$1144,2,FALSE),"")&" "&IFERROR(VLOOKUP(MID(H11,1,2),PIRA!$B$1:$E$1144,2,FALSE),"")&" "&IFERROR(VLOOKUP(MID(I11,1,2),PIRA!$B$1:$E$1144,2,FALSE),"") -> Electromagnetic Radiation | F11: =IFERROR(VLOOKUP(MID(G11,1,4),PIRA!$B$1:$E$1144,2,FALSE),"")&" "&IFERROR(VLOOKUP(MID(H11,1,4),PIRA!$B$1:$E$1144,2,FALSE),"")&" "&IFERROR(VLOOKUP(MID(I11,1,4),PIRA!$B$1:$E$1144,2,FALSE),"") -> Transmission Lines and Antennas | G11: 5N10.50 | H11: =IFERROR(IF(VLOOKUP(G11,Demos!$B$3:$K$1368,2,FALSE)=0,"",VLOOKUP(G11,Demos!$B$3:$K$1368,2,FALSE)),"") | I11: =IFERROR(IF(VLOOKUP(G11,Demos!$B$3:$K$1368,3,FALSE)=0,"",VLOOKUP(G11,Demos!$B$3:$K$1368,3,FALSE)),"") | J11: =IFERROR(IF(VLOOKUP(G11,Demos!$B$3:$K$1368,4,FALSE)=0,"",VLOOKUP(G11,Demos!$B$3:$K$1368,4,FALSE)),"") | K11: Jeroen Kalkman | L11: Niels van Dijk | M11: 45457 | N11: =IFERROR(VLOOKUP(G11,Demos!$B$3:$K$1368,5,FALSE),"") -> Electromagnetic Waves (Lecher Lines) | O11: =IF(N11="","",COUNTIF($N$6:N2130, N11)) -> 15 | P11: =IFERROR(IF(VLOOKUP(G11,Demos!$B$3:$K$1368,6,FALSE)=0,"",VLOOKUP(G11,Demos!$B$3:$K$1368,6,FALSE)),"") -> www.de-monstrare.nl/pdf/electromagnetic%20waves.pdf | Q11: =IFERROR(IF(VLOOKUP(G11,Demos!$B$3:$K$1368,8,FALSE)=0,"",VLOOKUP(G11,Demos!$B$3:$K$1368,8,FALSE)),"") -> Reflection, transmission, absorption, polarisation | R11: =IFERROR(IF(VLOOKUP(G11,Demos!$B$3:$K$1368,7,FALSE)=0,"",VLOOKUP(G11,Demos!$B$3:$K$1368,7,FALSE)),"") | T11: No (lecturer decided not to use demo) | U11: =IFERROR(VLOOKUP(G11,Demos!$B$7:N5905,12,FALSE),"")
A12: =ROW()-5 -> 7 | B12: TN2054 | C12: =IFERROR(VLOOKUP(B12, Courses!$C$3:$E$836, 2, FALSE),"") -> Electromagnetism | D12: =IFERROR(VLOOKUP(MID(G12,1,1), PIRA!$B$1:$E$1146, 2, FALSE),"") -> 5 Electricity and Magnetism | E12: =IFERROR(VLOOKUP(MID(G12,1,2),PIRA!$B$1:$E$1144,2,FALSE),"")&" "&IFERROR(VLOOKUP(MID(H12,1,2),PIRA!$B$1:$E$1144,2,FALSE),"")&" "&IFERROR(VLOOKUP(MID(I12,1,2),PIRA!$B$1:$E$1144,2,FALSE),"") -> Capacitance | F12: =IFERROR(VLOOKUP(MID(G12,1,4),PIRA!$B$1:$E$1144,2,FALSE),"")&" "&IFERROR(VLOOKUP(MID(H12,1,4),PIRA!$B$1:$E$1144,2,FALSE),"")&" "&IFERROR(VLOOKUP(MID(I12,1,4),PIRA!$B$1:$E$1144,2,FALSE),"") -> Dielectric | G12: 5C20.60 | H12: =IFERROR(IF(VLOOKUP(G12,Demos!$B$3:$K$1368,2,FALSE)=0,"",VLOOKUP(G12,Demos!$B$3:$K$1368,2,FALSE)),"") | I12: =IFERROR(IF(VLOOKUP(G12,Demos!$B$3:$K$1368,3,FALSE)=0,"",VLOOKUP(G12,Demos!$B$3:$K$1368,3,FALSE)),"") | J12: =IFERROR(IF(VLOOKUP(G12,Demos!$B$3:$K$1368,4,FALSE)=0,"",VLOOKUP(G12,Demos!$B$3:$K$1368,4,FALSE)),"") | K12: Jeroen Kalkman | L12: Martin Verweij | M12: 45456 | N12: =IFERROR(VLOOKUP(G12,Demos!$B$3:$K$1368,5,FALSE),"") -> Displacement Current | O12: =IF(N12="","",COUNTIF($N$6:N2131, N12)) -> 3 | P12: =IFERROR(IF(VLOOKUP(G12,Demos!$B$3:$K$1368,6,FALSE)=0,"",VLOOKUP(G12,Demos!$B$3:$K$1368,6,FALSE)),"") -> N/A | Q12: =IFERROR(IF(VLOOKUP(G12,Demos!$B$3:$K$1368,8,FALSE)=0,"",VLOOKUP(G12,Demos!$B$3:$K$1368,8,FALSE)),"") -> No demo available (pickup coil between capacitor plates w a periodic voltage applied to the cap.) | R12: =IFERROR(IF(VLOOKUP(G12,Demos!$B$3:$K$1368,7,FALSE)=0,"",VLOOKUP(G12,Demos!$B$3:$K$1368,7,FALSE)),"") | T12: No (no setup available yet) | U12: =IFERROR(VLOOKUP(G12,Demos!$B$7:N5880,12,FALSE),"")
A13: =ROW()-5 -> 8 | B13: Open Days | C13: =IFERROR(VLOOKUP(B13, Courses!$C$3:$E$836, 2, FALSE),"") -> Open Days | D13: =IFERROR(VLOOKUP(MID(G13,1,1), PIRA!$B$1:$E$1146, 2, FALSE),"") -> 3 Oscillations and Waves | E13: =IFERROR(VLOOKUP(MID(G13,1,2),PIRA!$B$1:$E$1144,2,FALSE),"")&" "&IFERROR(VLOOKUP(MID(H13,1,2),PIRA!$B$1:$E$1144,2,FALSE),"")&" "&IFERROR(VLOOKUP(MID(I13,1,2),PIRA!$B$1:$E$1144,2,FALSE),"") -> Oscillations | F13: =IFERROR(VLOOKUP(MID(G13,1,4),PIRA!$B$1:$E$1144,2,FALSE),"")&" "&IFERROR(VLOOKUP(MID(H13,1,4),PIRA!$B$1:$E$1144,2,FALSE),"")&" "&IFERROR(VLOOKUP(MID(I13,1,4),PIRA!$B$1:$E$1144,2,FALSE),"") -> Simple Harmonic Motion | G13: 3A40.01 | H13: =IFERROR(IF(VLOOKUP(G13,Demos!$B$3:$K$1368,2,FALSE)=0,"",VLOOKUP(G13,Demos!$B$3:$K$1368,2,FALSE)),"") | I13: =IFERROR(IF(VLOOKUP(G13,Demos!$B$3:$K$1368,3,FALSE)=0,"",VLOOKUP(G13,Demos!$B$3:$K$1368,3,FALSE)),"") | J13: =IFERROR(IF(VLOOKUP(G13,Demos!$B$3:$K$1368,4,FALSE)=0,"",VLOOKUP(G13,Demos!$B$3:$K$1368,4,FALSE)),"") | K13: Bart van den Dries | M13: 45454 | N13: =IFERROR(VLOOKUP(G13,Demos!$B$3:$K$1368,5,FALSE),"") -> Simple Harmonic Motion (SHM) (3) | O13: =IF(N13="","",COUNTIF($N$6:N2132, N13)) -> 12 | P13: =IFERROR(IF(VLOOKUP(G13,Demos!$B$3:$K$1368,6,FALSE)=0,"",VLOOKUP(G13,Demos!$B$3:$K$1368,6,FALSE)),"") -> www.de-monstrare.nl/pdf/Simple%20harmonic%20motion%20_SHM_%20_3_.pdf | Q13: =IFERROR(IF(VLOOKUP(G13,Demos!$B$3:$K$1368,8,FALSE)=0,"",VLOOKUP(G13,Demos!$B$3:$K$1368,8,FALSE)),"") | R13: =IFERROR(IF(VLOOKUP(G13,Demos!$B$3:$K$1368,7,FALSE)=0,"",VLOOKUP(G13,Demos!$B$3:$K$1368,7,FALSE)),"") | U13: =IFERROR(VLOOKUP(G13,Demos!$B$7:N5909,12,FALSE),"")
A14: =ROW()-5 -> 9 | B14: Matching Day | C14: =IFERROR(VLOOKUP(B14, Courses!$C$3:$E$836, 2, FALSE),"") -> Matching Day | D14: =IFERROR(VLOOKUP(MID(G14,1,1), PIRA!$B$1:$E$1146, 2, FALSE),"") -> 1 Mechanics | E14: =IFERROR(VLOOKUP(MID(G14,1,2),PIRA!$B$1:$E$1144,2,FALSE),"")&" "&IFERROR(VLOOKUP(MID(H14,1,2),PIRA!$B$1:$E$1144,2,FALSE),"")&" "&IFERROR(VLOOKUP(MID(I14,1,2),PIRA!$B$1:$E$1144,2,FALSE),"") -> Rotational Dynamics | F14: =IFERROR(VLOOKUP(MID(G14,1,4),PIRA!$B$1:$E$1144,2,FALSE),"")&" "&IFERROR(VLOOKUP(MID(H14,1,4),PIRA!$B$1:$E$1144,2,FALSE),"")&" "&IFERROR(VLOOKUP(MID(I14,1,4),PIRA!$B$1:$E$1144,2,FALSE),"") -> Gyros | G14: 1Q50.04 | H14: =IFERROR(IF(VLOOKUP(G14,Demos!$B$3:$K$1368,2,FALSE)=0,"",VLOOKUP(G14,Demos!$B$3:$K$1368,2,FALSE)),"") | I14: =IFERROR(IF(VLOOKUP(G14,Demos!$B$3:$K$1368,3,FALSE)=0,"",VLOOKUP(G14,Demos!$B$3:$K$1368,3,FALSE)),"") | J14: =IFERROR(IF(VLOOKUP(G14,Demos!$B$3:$K$1368,4,FALSE)=0,"",VLOOKUP(G14,Demos!$B$3:$K$1368,4,FALSE)),"") | K14: Wim Bouwman | L14: Ron Haaksman | M14: 45445 | N14: =IFERROR(VLOOKUP(G14,Demos!$B$3:$K$1368,5,FALSE),"") -> Precession (2) | O14: =IF(N14="","",COUNTIF($N$6:N2133, N14)) -> 62 | P14: =IFERROR(IF(VLOOKUP(G14,Demos!$B$3:$K$1368,6,FALSE)=0,"",VLOOKUP(G14,Demos!$B$3:$K$1368,6,FALSE)),"") -> www.de-monstrare.nl/pdf/Precession%20_2_.pdf | Q14: =IFERROR(IF(VLOOKUP(G14,Demos!$B$3:$K$1368,8,FALSE)=0,"",VLOOKUP(G14,Demos!$B$3:$K$1368,8,FALSE)),"") | R14: =IFERROR(IF(VLOOKUP(G14,Demos!$B$3:$K$1368,7,FALSE)=0,"",VLOOKUP(G14,Demos!$B$3:$K$1368,7,FALSE)),"") | U14: =IFERROR(VLOOKUP(G14,Demos!$B$7:N6044,12,FALSE),"")
A15: =ROW()-5 -> 10 | B15: Matching Day | C15: =IFERROR(VLOOKUP(B15, Courses!$C$3:$E$836, 2, FALSE),"") -> Matching Day | D15: =IFERROR(VLOOKUP(MID(G15,1,1), PIRA!$B$1:$E$1146, 2, FALSE),"") -> 1 Mechanics | E15: =IFERROR(VLOOKUP(MID(G15,1,2),PIRA!$B$1:$E$1144,2,FALSE),"")&" "&IFERROR(VLOOKUP(MID(H15,1,2),PIRA!$B$1:$E$1144,2,FALSE),"")&" "&IFERROR(VLOOKUP(MID(I15,1,2),PIRA!$B$1:$E$1144,2,FALSE),"") -> Rotational Dynamics | F15: =IFERROR(VLOOKUP(MID(G15,1,4),PIRA!$B$1:$E$1144,2,FALSE),"")&" "&IFERROR(VLOOKUP(MID(H15,1,4),PIRA!$B$1:$E$1144,2,FALSE),"")&" "&IFERROR(VLOOKUP(MID(I15,1,4),PIRA!$B$1:$E$1144,2,FALSE),"") -> Gyros | G15: 1Q50.04 | H15: =IFERROR(IF(VLOOKUP(G15,Demos!$B$3:$K$1368,2,FALSE)=0,"",VLOOKUP(G15,Demos!$B$3:$K$1368,2,FALSE)),"") | I15: =IFERROR(IF(VLOOKUP(G15,Demos!$B$3:$K$1368,3,FALSE)=0,"",VLOOKUP(G15,Demos!$B$3:$K$1368,3,FALSE)),"") | J15: =IFERROR(IF(VLOOKUP(G15,Demos!$B$3:$K$1368,4,FALSE)=0,"",VLOOKUP(G15,Demos!$B$3:$K$1368,4,FALSE)),"") | K15: Wim Bouwman | L15: Ron Haaksman | M15: 45445 | N15: =IFERROR(VLOOKUP(G15,Demos!$B$3:$K$1368,5,FALSE),"") -> Precession (2) | O15: =IF(N15="","",COUNTIF($N$6:N2134, N15)) -> 62 | P15: =IFERROR(IF(VLOOKUP(G15,Demos!$B$3:$K$1368,6,FALSE)=0,"",VLOOKUP(G15,Demos!$B$3:$K$1368,6,FALSE)),"") -> www.de-monstrare.nl/pdf/Precession%20_2_.pdf | Q15: =IFERROR(IF(VLOOKUP(G15,Demos!$B$3:$K$1368,8,FALSE)=0,"",VLOOKUP(G15,Demos!$B$3:$K$1368,8,FALSE)),"") | R15: =IFERROR(IF(VLOOKUP(G15,Demos!$B$3:$K$1368,7,FALSE)=0,"",VLOOKUP(G15,Demos!$B$3:$K$1368,7,FALSE)),"") | U15: =IFERROR(VLOOKUP(G15,Demos!$B$7:N5928,12,FALSE),"")
A16: =ROW()-5 -> 11 | B16: TN1201 | C16: =IFERROR(VLOOKUP(B16, Courses!$C$3:$E$836, 2, FALSE),"") -> Thermodynamics | D16: =IFERROR(VLOOKUP(MID(G16,1,1), PIRA!$B$1:$E$1146, 2, FALSE),"") -> 4 Thermodynamics | E16: =IFERROR(VLOOKUP(MID(G16,1,2),PIRA!$B$1:$E$1144,2,FALSE),"")&" "&IFERROR(VLOOKUP(MID(H16,1,2),PIRA!$B$1:$E$1144,2,FALSE),"")&" "&IFERROR(VLOOKUP(MID(I16,1,2),PIRA!$B$1:$E$1144,2,FALSE),"") -> Entropy and the Second Law | F16: =IFERROR(VLOOKUP(MID(G16,1,4),PIRA!$B$1:$E$1144,2,FALSE),"")&" "&IFERROR(VLOOKUP(MID(H16,1,4),PIRA!$B$1:$E$1144,2,FALSE),"")&" "&IFERROR(VLOOKUP(MID(I16,1,4),PIRA!$B$1:$E$1144,2,FALSE),"") -> Heat Cycles | G16: 4F30.01 | H16: =IFERROR(IF(VLOOKUP(G16,Demos!$B$3:$K$1368,2,FALSE)=0,"",VLOOKUP(G16,Demos!$B$3:$K$1368,2,FALSE)),"") | I16: =IFERROR(IF(VLOOKUP(G16,Demos!$B$3:$K$1368,3,FALSE)=0,"",VLOOKUP(G16,Demos!$B$3:$K$1368,3,FALSE)),"") | J16: =IFERROR(IF(VLOOKUP(G16,Demos!$B$3:$K$1368,4,FALSE)=0,"",VLOOKUP(G16,Demos!$B$3:$K$1368,4,FALSE)),"") | K16: Henk Schut | L16: Chris Klein | M16: 45444 | N16: =IFERROR(VLOOKUP(G16,Demos!$B$3:$K$1368,5,FALSE),"") -> Stirling Engine | O16: =IF(N16="","",COUNTIF($N$6:N2135, N16)) -> 18 | P16: =IFERROR(IF(VLOOKUP(G16,Demos!$B$3:$K$1368,6,FALSE)=0,"",VLOOKUP(G16,Demos!$B$3:$K$1368,6,FALSE)),"") -> http://www.de-monstrare.nl/pdf/Stirling%20engine.pdf | Q16: =IFERROR(IF(VLOOKUP(G16,Demos!$B$3:$K$1368,8,FALSE)=0,"",VLOOKUP(G16,Demos!$B$3:$K$1368,8,FALSE)),"") | R16: =IFERROR(IF(VLOOKUP(G16,Demos!$B$3:$K$1368,7,FALSE)=0,"",VLOOKUP(G16,Demos!$B$3:$K$1368,7,FALSE)),"") -> See from 01:02:03: U:\Elearning TP\Natk4all\college ted\dag 7 | U16: =IFERROR(VLOOKUP(G16,Demos!$B$7:N5910,12,FALSE),"")
A17: =ROW()-5 -> 12 | B17: TN2785 | C17: =IFERROR(VLOOKUP(B17, Courses!$C$3:$E$836, 2, FALSE),"") -> Physical Transport Phenomena | D17: =IFERROR(VLOOKUP(MID(G17,1,1), PIRA!$B$1:$E$1146, 2, FALSE),"") -> 4 Thermodynamics | E17: =IFERROR(VLOOKUP(MID(G17,1,2),PIRA!$B$1:$E$1144,2,FALSE),"")&" "&IFERROR(VLOOKUP(MID(H17,1,2),PIRA!$B$1:$E$1144,2,FALSE),"")&" "&IFERROR(VLOOKUP(MID(I17,1,2),PIRA!$B$1:$E$1144,2,FALSE),"") -> Heat and the First Law | F17: =IFERROR(VLOOKUP(MID(G17,1,4),PIRA!$B$1:$E$1144,2,FALSE),"")&" "&IFERROR(VLOOKUP(MID(H17,1,4),PIRA!$B$1:$E$1144,2,FALSE),"")&" "&IFERROR(VLOOKUP(MID(I17,1,4),PIRA!$B$1:$E$1144,2,FALSE),"") -> Convection | G17: 4B20.10 | H17: =IFERROR(IF(VLOOKUP(G17,Demos!$B$3:$K$1368,2,FALSE)=0,"",VLOOKUP(G17,Demos!$B$3:$K$1368,2,FALSE)),"") | I17: =IFERROR(IF(VLOOKUP(G17,Demos!$B$3:$K$1368,3,FALSE)=0,"",VLOOKUP(G17,Demos!$B$3:$K$1368,3,FALSE)),"") | J17: =IFERROR(IF(VLOOKUP(G17,Demos!$B$3:$K$1368,4,FALSE)=0,"",VLOOKUP(G17,Demos!$B$3:$K$1368,4,FALSE)),"") | K17: Martin Rohde | L17: Chris Klein | M17: 45443 | N17: =IFERROR(VLOOKUP(G17,Demos!$B$3:$K$1368,5,FALSE),"") -> Convection in a water container, heated from its bottom | O17: =IF(N17="","",COUNTIF($N$6:N2136, N17)) -> 9 | P17: =IFERROR(IF(VLOOKUP(G17,Demos!$B$3:$K$1368,6,FALSE)=0,"",VLOOKUP(G17,Demos!$B$3:$K$1368,6,FALSE)),"") -> N/A | Q17: =IFERROR(IF(VLOOKUP(G17,Demos!$B$3:$K$1368,8,FALSE)=0,"",VLOOKUP(G17,Demos!$B$3:$K$1368,8,FALSE)),"") | R17: =IFERROR(IF(VLOOKUP(G17,Demos!$B$3:$K$1368,7,FALSE)=0,"",VLOOKUP(G17,Demos!$B$3:$K$1368,7,FALSE)),"") -> See 2021 Zoomopname "opname hoorcollege 11.mp4" and Collegerama recording 2011/2012 - https://collegerama.tudelft.nl/ and 31 May 2023 "TN2786_012" recording from 00:06:20 and the calculation from 01:39:00 https://collegeramavideoportal.tudelft.nl/catalogue/tn2786/presentation/b21af4fd845e4bc3a51eff1850205d251d?academicYear=2022-2023-tn2786 | U17: =IFERROR(VLOOKUP(G17,Demos!$B$7:N5916,12,FALSE),"") -> 0
A18: =ROW()-5 -> 13 | B18: TN1201 | C18: =IFERROR(VLOOKUP(B18, Courses!$C$3:$E$836, 2, FALSE),"") -> Thermodynamics | D18: =IFERROR(VLOOKUP(MID(G18,1,1), PIRA!$B$1:$E$1146, 2, FALSE),"") -> 4 Thermodynamics | E18: =IFERROR(VLOOKUP(MID(G18,1,2),PIRA!$B$1:$E$1144,2,FALSE),"")&" "&IFERROR(VLOOKUP(MID(H18,1,2),PIRA!$B$1:$E$1144,2,FALSE),"")&" "&IFERROR(VLOOKUP(MID(I18,1,2),PIRA!$B$1:$E$1144,2,FALSE),"") -> Heat and the First Law | F18: =IFERROR(VLOOKUP(MID(G18,1,4),PIRA!$B$1:$E$1144,2,FALSE),"")&" "&IFERROR(VLOOKUP(MID(H18,1,4),PIRA!$B$1:$E$1144,2,FALSE),"")&" "&IFERROR(VLOOKUP(MID(I18,1,4),PIRA!$B$1:$E$1144,2,FALSE),"") -> Mechanical Equivalent of Heat | G18: 4B60.11 | H18: =IFERROR(IF(VLOOKUP(G18,Demos!$B$3:$K$1368,2,FALSE)=0,"",VLOOKUP(G18,Demos!$B$3:$K$1368,2,FALSE)),"") | I18: =IFERROR(IF(VLOOKUP(G18,Demos!$B$3:$K$1368,3,FALSE)=0,"",VLOOKUP(G18,Demos!$B$3:$K$1368,3,FALSE)),"") | J18: =IFERROR(IF(VLOOKUP(G18,Demos!$B$3:$K$1368,4,FALSE)=0,"",VLOOKUP(G18,Demos!$B$3:$K$1368,4,FALSE)),"") | K18: Henk Schut | L18: Chris Klein | M18: 45443 | N18: =IFERROR(VLOOKUP(G18,Demos!$B$3:$K$1368,5,FALSE),"") -> Dropping Lead Shot | O18: =IF(N18="","",COUNTIF($N$6:N2137, N18)) -> 10 | P18: =IFERROR(IF(VLOOKUP(G18,Demos!$B$3:$K$1368,6,FALSE)=0,"",VLOOKUP(G18,Demos!$B$3:$K$1368,6,FALSE)),"") -> N/A | Q18: =IFERROR(IF(VLOOKUP(G18,Demos!$B$3:$K$1368,8,FALSE)=0,"",VLOOKUP(G18,Demos!$B$3:$K$1368,8,FALSE)),"") | R18: =IFERROR(IF(VLOOKUP(G18,Demos!$B$3:$K$1368,7,FALSE)=0,"",VLOOKUP(G18,Demos!$B$3:$K$1368,7,FALSE)),"") | U18: =IFERROR(VLOOKUP(G18,Demos!$B$7:N5911,12,FALSE),"")
A19: =ROW()-5 -> 14 | B19: TN1201 | C19: =IFERROR(VLOOKUP(B19, Courses!$C$3:$E$836, 2, FALSE),"") -> Thermodynamics | D19: =IFERROR(VLOOKUP(MID(G19,1,1), PIRA!$B$1:$E$1146, 2, FALSE),"") -> 4 Thermodynamics | E19: =IFERROR(VLOOKUP(MID(G19,1,2),PIRA!$B$1:$E$1144,2,FALSE),"")&" "&IFERROR(VLOOKUP(MID(H19,1,2),PIRA!$B$1:$E$1144,2,FALSE),"")&" "&IFERROR(VLOOKUP(MID(I19,1,2),PIRA!$B$1:$E$1144,2,FALSE),"") -> Thermal Properties of Matter | F19: =IFERROR(VLOOKUP(MID(G19,1,4),PIRA!$B$1:$E$1144,2,FALSE),"")&" "&IFERROR(VLOOKUP(MID(H19,1,4),PIRA!$B$1:$E$1144,2,FALSE),"")&" "&IFERROR(VLOOKUP(MID(I19,1,4),PIRA!$B$1:$E$1144,2,FALSE),"") -> Thermometry | G19: 4A10.02 | H19: =IFERROR(IF(VLOOKUP(G19,Demos!$B$3:$K$1368,2,FALSE)=0,"",VLOOKUP(G19,Demos!$B$3:$K$1368,2,FALSE)),"") | I19: =IFERROR(IF(VLOOKUP(G19,Demos!$B$3:$K$1368,3,FALSE)=0,"",VLOOKUP(G19,Demos!$B$3:$K$1368,3,FALSE)),"") | J19: =IFERROR(IF(VLOOKUP(G19,Demos!$B$3:$K$1368,4,FALSE)=0,"",VLOOKUP(G19,Demos!$B$3:$K$1368,4,FALSE)),"") | K19: Henk Schut | L19: Chris Klein | M19: 45442 | N19: =IFERROR(VLOOKUP(G19,Demos!$B$3:$K$1368,5,FALSE),"") -> Inverted Thermometer | O19: =IF(N19="","",COUNTIF($N$6:N2138, N19)) -> 10 | P19: =IFERROR(IF(VLOOKUP(G19,Demos!$B$3:$K$1368,6,FALSE)=0,"",VLOOKUP(G19,Demos!$B$3:$K$1368,6,FALSE)),"") -> http://www.de-monstrare.nl/pdf/Inverted%20thermometer.pdf | Q19: =IFERROR(IF(VLOOKUP(G19,Demos!$B$3:$K$1368,8,FALSE)=0,"",VLOOKUP(G19,Demos!$B$3:$K$1368,8,FALSE)),"") | R19: =IFERROR(IF(VLOOKUP(G19,Demos!$B$3:$K$1368,7,FALSE)=0,"",VLOOKUP(G19,Demos!$B$3:$K$1368,7,FALSE)),"") | U19: =IFERROR(VLOOKUP(G19,Demos!$B$7:N5915,12,FALSE),"")
A20: =ROW()-5 -> 15 | B20: TN2054 | C20: =IFERROR(VLOOKUP(B20, Courses!$C$3:$E$836, 2, FALSE),"") -> Electromagnetism | D20: =IFERROR(VLOOKUP(MID(G20,1,1), PIRA!$B$1:$E$1146, 2, FALSE),"") -> 5 Electricity and Magnetism | E20: =IFERROR(VLOOKUP(MID(G20,1,2),PIRA!$B$1:$E$1144,2,FALSE),"")&" "&IFERROR(VLOOKUP(MID(H20,1,2),PIRA!$B$1:$E$1144,2,FALSE),"")&" "&IFERROR(VLOOKUP(MID(I20,1,2),PIRA!$B$1:$E$1144,2,FALSE),"") -> Magnetic Fields and Forces | F20: =IFERROR(VLOOKUP(MID(G20,1,4),PIRA!$B$1:$E$1144,2,FALSE),"")&" "&IFERROR(VLOOKUP(MID(H20,1,4),PIRA!$B$1:$E$1144,2,FALSE),"")&" "&IFERROR(VLOOKUP(MID(I20,1,4),PIRA!$B$1:$E$1144,2,FALSE),"") -> Force on Current in Wires | G20: 5H40.10 | H20: =IFERROR(IF(VLOOKUP(G20,Demos!$B$3:$K$1368,2,FALSE)=0,"",VLOOKUP(G20,Demos!$B$3:$K$1368,2,FALSE)),"") | I20: =IFERROR(IF(VLOOKUP(G20,Demos!$B$3:$K$1368,3,FALSE)=0,"",VLOOKUP(G20,Demos!$B$3:$K$1368,3,FALSE)),"") | J20: =IFERROR(IF(VLOOKUP(G20,Demos!$B$3:$K$1368,4,FALSE)=0,"",VLOOKUP(G20,Demos!$B$3:$K$1368,4,FALSE)),"") | K20: Jeroen Kalkman | L20: Martin Verweij | M20: 45442 | N20: =IFERROR(VLOOKUP(G20,Demos!$B$3:$K$1368,5,FALSE),"") -> Parallel Wires | O20: =IF(N20="","",COUNTIF($N$6:N2139, N20)) -> 12 | P20: =IFERROR(IF(VLOOKUP(G20,Demos!$B$3:$K$1368,6,FALSE)=0,"",VLOOKUP(G20,Demos!$B$3:$K$1368,6,FALSE)),"") -> www.de-monstrare.nl/pdf/parallel%20wires.pdf | Q20: =IFERROR(IF(VLOOKUP(G20,Demos!$B$3:$K$1368,8,FALSE)=0,"",VLOOKUP(G20,Demos!$B$3:$K$1368,8,FALSE)),"") | R20: =IFERROR(IF(VLOOKUP(G20,Demos!$B$3:$K$1368,7,FALSE)=0,"",VLOOKUP(G20,Demos!$B$3:$K$1368,7,FALSE)),"") | U20: =IFERROR(VLOOKUP(G20,Demos!$B$7:N5881,12,FALSE),"")
A21: =ROW()-5 -> 16 | B21: TN1201 | C21: =IFERROR(VLOOKUP(B21, Courses!$C$3:$E$836, 2, FALSE),"") -> Thermodynamics | D21: =IFERROR(VLOOKUP(MID(G21,1,1), PIRA!$B$1:$E$1146, 2, FALSE),"") -> 4 Thermodynamics | E21: =IFERROR(VLOOKUP(MID(G21,1,2),PIRA!$B$1:$E$1144,2,FALSE),"")&" "&IFERROR(VLOOKUP(MID(H21,1,2),PIRA!$B$1:$E$1144,2,FALSE),"")&" "&IFERROR(VLOOKUP(MID(I21,1,2),PIRA!$B$1:$E$1144,2,FALSE),"") -> Change of State | F21: =IFERROR(VLOOKUP(MID(G21,1,4),PIRA!$B$1:$E$1144,2,FALSE),"")&" "&IFERROR(VLOOKUP(MID(H21,1,4),PIRA!$B$1:$E$1144,2,FALSE),"")&" "&IFERROR(VLOOKUP(MID(I21,1,4),PIRA!$B$1:$E$1144,2,FALSE),"") -> PVT Surfaces | G21: 4C10.02 | H21: =IFERROR(IF(VLOOKUP(G21,Demos!$B$3:$K$1368,2,FALSE)=0,"",VLOOKUP(G21,Demos!$B$3:$K$1368,2,FALSE)),"") | I21: =IFERROR(IF(VLOOKUP(G21,Demos!$B$3:$K$1368,3,FALSE)=0,"",VLOOKUP(G21,Demos!$B$3:$K$1368,3,FALSE)),"") | J21: =IFERROR(IF(VLOOKUP(G21,Demos!$B$3:$K$1368,4,FALSE)=0,"",VLOOKUP(G21,Demos!$B$3:$K$1368,4,FALSE)),"") | K21: Henk Schut | L21: Chris Klein | M21: 45437 | N21: =IFERROR(VLOOKUP(G21,Demos!$B$3:$K$1368,5,FALSE),"") -> Work = int(PdV) | O21: =IF(N21="","",COUNTIF($N$6:N2140, N21)) -> 11 | P21: =IFERROR(IF(VLOOKUP(G21,Demos!$B$3:$K$1368,6,FALSE)=0,"",VLOOKUP(G21,Demos!$B$3:$K$1368,6,FALSE)),"") -> http://www.de-monstrare.nl/pdf/pdV.pdf | Q21: =IFERROR(IF(VLOOKUP(G21,Demos!$B$3:$K$1368,8,FALSE)=0,"",VLOOKUP(G21,Demos!$B$3:$K$1368,8,FALSE)),"") | R21: =IFERROR(IF(VLOOKUP(G21,Demos!$B$3:$K$1368,7,FALSE)=0,"",VLOOKUP(G21,Demos!$B$3:$K$1368,7,FALSE)),"") | T21: No (lecturer decided not to use demo) | U21: =IFERROR(VLOOKUP(G21,Demos!$B$7:N5912,12,FALSE),"")
A22: =ROW()-5 -> 17 | B22: TN1201 | C22: =IFERROR(VLOOKUP(B22, Courses!$C$3:$E$836, 2, FALSE),"") -> Thermodynamics | D22: =IFERROR(VLOOKUP(MID(G22,1,1), PIRA!$B$1:$E$1146, 2, FALSE),"") -> 4 Thermodynamics | E22: =IFERROR(VLOOKUP(MID(G22,1,2),PIRA!$B$1:$E$1144,2,FALSE),"")&" "&IFERROR(VLOOKUP(MID(H22,1,2),PIRA!$B$1:$E$1144,2,FALSE),"")&" "&IFERROR(VLOOKUP(MID(I22,1,2),PIRA!$B$1:$E$1144,2,FALSE),"") -> Change of State | F22: =IFERROR(VLOOKUP(MID(G22,1,4),PIRA!$B$1:$E$1144,2,FALSE),"")&" "&IFERROR(VLOOKUP(MID(H22,1,4),PIRA!$B$1:$E$1144,2,FALSE),"")&" "&IFERROR(VLOOKUP(MID(I22,1,4),PIRA!$B$1:$E$1144,2,FALSE),"") -> Vapor Pressure | G22: 4C33.02 | H22: =IFERROR(IF(VLOOKUP(G22,Demos!$B$3:$K$1368,2,FALSE)=0,"",VLOOKUP(G22,Demos!$B$3:$K$1368,2,FALSE)),"") | I22: =IFERROR(IF(VLOOKUP(G22,Demos!$B$3:$K$1368,3,FALSE)=0,"",VLOOKUP(G22,Demos!$B$3:$K$1368,3,FALSE)),"") | J22: =IFERROR(IF(VLOOKUP(G22,Demos!$B$3:$K$1368,4,FALSE)=0,"",VLOOKUP(G22,Demos!$B$3:$K$1368,4,FALSE)),"") | K22: Henk Schut | L22: Chris Klein | M22: 45436 | N22: =IFERROR(VLOOKUP(G22,Demos!$B$3:$K$1368,5,FALSE),"") -> Boiling Water at Reduced Pressure | O22: =IF(N22="","",COUNTIF($N$6:N2141, N22)) -> 10 | P22: =IFERROR(IF(VLOOKUP(G22,Demos!$B$3:$K$1368,6,FALSE)=0,"",VLOOKUP(G22,Demos!$B$3:$K$1368,6,FALSE)),"") -> http://www.de-monstrare.nl/pdf/Boiling%20water%20at%20reduced%20pressure.pdf | Q22: =IFERROR(IF(VLOOKUP(G22,Demos!$B$3:$K$1368,8,FALSE)=0,"",VLOOKUP(G22,Demos!$B$3:$K$1368,8,FALSE)),"") | R22: =IFERROR(IF(VLOOKUP(G22,Demos!$B$3:$K$1368,7,FALSE)=0,"",VLOOKUP(G22,Demos!$B$3:$K$1368,7,FALSE)),"") | T22: No (lecturer decided not to use demo) | U22: =IFERROR(VLOOKUP(G22,Demos!$B$7:N5914,12,FALSE),"")
A23: =ROW()-5 -> 18 | B23: TN1201 | C23: =IFERROR(VLOOKUP(B23, Courses!$C$3:$E$836, 2, FALSE),"") -> Thermodynamics | D23: =IFERROR(VLOOKUP(MID(G23,1,1), PIRA!$B$1:$E$1146, 2, FALSE),"") -> 4 Thermodynamics | E23: =IFERROR(VLOOKUP(MID(G23,1,2),PIRA!$B$1:$E$1144,2,FALSE),"")&" "&IFERROR(VLOOKUP(MID(H23,1,2),PIRA!$B$1:$E$1144,2,FALSE),"")&" "&IFERROR(VLOOKUP(MID(I23,1,2),PIRA!$B$1:$E$1144,2,FALSE),"") -> Change of State | F23: =IFERROR(VLOOKUP(MID(G23,1,4),PIRA!$B$1:$E$1144,2,FALSE),"")&" "&IFERROR(VLOOKUP(MID(H23,1,4),PIRA!$B$1:$E$1144,2,FALSE),"")&" "&IFERROR(VLOOKUP(MID(I23,1,4),PIRA!$B$1:$E$1144,2,FALSE),"") -> Critical Point | G23: 4C50.20 | H23: =IFERROR(IF(VLOOKUP(G23,Demos!$B$3:$K$1368,2,FALSE)=0,"",VLOOKUP(G23,Demos!$B$3:$K$1368,2,FALSE)),"") | I23: =IFERROR(IF(VLOOKUP(G23,Demos!$B$3:$K$1368,3,FALSE)=0,"",VLOOKUP(G23,Demos!$B$3:$K$1368,3,FALSE)),"") | J23: =IFERROR(IF(VLOOKUP(G23,Demos!$B$3:$K$1368,4,FALSE)=0,"",VLOOKUP(G23,Demos!$B$3:$K$1368,4,FALSE)),"") | K23: Henk Schut | L23: Chris Klein | M23: 45436 | N23: =IFERROR(VLOOKUP(G23,Demos!$B$3:$K$1368,5,FALSE),"") -> Critical Opalscence | O23: =IF(N23="","",COUNTIF($N$6:N2142, N23)) -> 10 | P23: =IFERROR(IF(VLOOKUP(G23,Demos!$B$3:$K$1368,6,FALSE)=0,"",VLOOKUP(G23,Demos!$B$3:$K$1368,6,FALSE)),"") -> N/A | Q23: =IFERROR(IF(VLOOKUP(G23,Demos!$B$3:$K$1368,8,FALSE)=0,"",VLOOKUP(G23,Demos!$B$3:$K$1368,8,FALSE)),"") | R23: =IFERROR(IF(VLOOKUP(G23,Demos!$B$3:$K$1368,7,FALSE)=0,"",VLOOKUP(G23,Demos!$B$3:$K$1368,7,FALSE)),"") | T23: No (lecturer decided not to use demo) | U23: =IFERROR(VLOOKUP(G23,Demos!$B$7:N5913,12,FALSE),"")
A24: =ROW()-5 -> 19 | B24: WB2330 | C24: =IFERROR(VLOOKUP(B24, Courses!$C$3:$E$836, 2, FALSE),"") -> Materiaalkunde | D24: =IFERROR(VLOOKUP(MID(G24,1,1), PIRA!$B$1:$E$1146, 2, FALSE),"") -> 5 Electricity and Magnetism | E24: =IFERROR(VLOOKUP(MID(G24,1,2),PIRA!$B$1:$E$1144,2,FALSE),"")&" "&IFERROR(VLOOKUP(MID(H24,1,2),PIRA!$B$1:$E$1144,2,FALSE),"")&" "&IFERROR(VLOOKUP(MID(I24,1,2),PIRA!$B$1:$E$1144,2,FALSE),"") -> Magnetic Materials | F24: =IFERROR(VLOOKUP(MID(G24,1,4),PIRA!$B$1:$E$1144,2,FALSE),"")&" "&IFERROR(VLOOKUP(MID(H24,1,4),PIRA!$B$1:$E$1144,2,FALSE),"")&" "&IFERROR(VLOOKUP(MID(I24,1,4),PIRA!$B$1:$E$1144,2,FALSE),"") -> Temperature and Magnetism | G24: 5G50.50 | H24: =IFERROR(IF(VLOOKUP(G24,Demos!$B$3:$K$1368,2,FALSE)=0,"",VLOOKUP(G24,Demos!$B$3:$K$1368,2,FALSE)),"") | I24: =IFERROR(IF(VLOOKUP(G24,Demos!$B$3:$K$1368,3,FALSE)=0,"",VLOOKUP(G24,Demos!$B$3:$K$1368,3,FALSE)),"") | J24: =IFERROR(IF(VLOOKUP(G24,Demos!$B$3:$K$1368,4,FALSE)=0,"",VLOOKUP(G24,Demos!$B$3:$K$1368,4,FALSE)),"") | K24: Ron Haaksman | L24: Erik Offerman | M24: 45430 | N24: =IFERROR(VLOOKUP(G24,Demos!$B$3:$K$1368,5,FALSE),"") -> Levitation (superconductivity, flux pinning) | O24: =IF(N24="","",COUNTIF($N$6:N2143, N24)) -> 17 | P24: =IFERROR(IF(VLOOKUP(G24,Demos!$B$3:$K$1368,6,FALSE)=0,"",VLOOKUP(G24,Demos!$B$3:$K$1368,6,FALSE)),"") -> N/A | Q24: =IFERROR(IF(VLOOKUP(G24,Demos!$B$3:$K$1368,8,FALSE)=0,"",VLOOKUP(G24,Demos!$B$3:$K$1368,8,FALSE)),"") | R24: =IFERROR(IF(VLOOKUP(G24,Demos!$B$3:$K$1368,7,FALSE)=0,"",VLOOKUP(G24,Demos!$B$3:$K$1368,7,FALSE)),"") -> See: https://www.youtube.com/watch?v=H3GuLepOKFY&list=PLYMFB4TVFdJJ4DsfXdY6yzDCDgLLiC4ya&index=5 | T24: No (lecturer decided not to use demo) | U24: =IFERROR(VLOOKUP(G24,Demos!$B$7:N5917,12,FALSE),"")
A25: =ROW()-5 -> 20 | B25: TN2785 | C25: =IFERROR(VLOOKUP(B25, Courses!$C$3:$E$836, 2, FALSE),"") -> Physical Transport Phenomena | D25: =IFERROR(VLOOKUP(MID(G25,1,1), PIRA!$B$1:$E$1146, 2, FALSE),"") -> 4 Thermodynamics | E25: =IFERROR(VLOOKUP(MID(G25,1,2),PIRA!$B$1:$E$1144,2,FALSE),"")&" "&IFERROR(VLOOKUP(MID(H25,1,2),PIRA!$B$1:$E$1144,2,FALSE),"")&" "&IFERROR(VLOOKUP(MID(I25,1,2),PIRA!$B$1:$E$1144,2,FALSE),"") -> Heat and the First Law | F25: =IFERROR(VLOOKUP(MID(G25,1,4),PIRA!$B$1:$E$1144,2,FALSE),"")&" "&IFERROR(VLOOKUP(MID(H25,1,4),PIRA!$B$1:$E$1144,2,FALSE),"")&" "&IFERROR(VLOOKUP(MID(I25,1,4),PIRA!$B$1:$E$1144,2,FALSE),"") -> Conduction | G25: 4B30.21 | H25: =IFERROR(IF(VLOOKUP(G25,Demos!$B$3:$K$1368,2,FALSE)=0,"",VLOOKUP(G25,Demos!$B$3:$K$1368,2,FALSE)),"") | I25: =IFERROR(IF(VLOOKUP(G25,Demos!$B$3:$K$1368,3,FALSE)=0,"",VLOOKUP(G25,Demos!$B$3:$K$1368,3,FALSE)),"") | J25: =IFERROR(IF(VLOOKUP(G25,Demos!$B$3:$K$1368,4,FALSE)=0,"",VLOOKUP(G25,Demos!$B$3:$K$1368,4,FALSE)),"") | K25: Chris Klein | L25: Martin Rohde | M25: 45424 | N25: =IFERROR(VLOOKUP(G25,Demos!$B$3:$K$1368,5,FALSE),"") -> Conduction Slab | O25: =IF(N25="","",COUNTIF($N$6:N2144, N25)) -> 7 | P25: =IFERROR(IF(VLOOKUP(G25,Demos!$B$3:$K$1368,6,FALSE)=0,"",VLOOKUP(G25,Demos!$B$3:$K$1368,6,FALSE)),"") -> N/A | Q25: =IFERROR(IF(VLOOKUP(G25,Demos!$B$3:$K$1368,8,FALSE)=0,"",VLOOKUP(G25,Demos!$B$3:$K$1368,8,FALSE)),"") -> A stainless steel slab, heat from one end. Heat sensitive film is stuck on the plate, such that the heat conduction can be observed. | R25: =IFERROR(IF(VLOOKUP(G25,Demos!$B$3:$K$1368,7,FALSE)=0,"",VLOOKUP(G25,Demos!$B$3:$K$1368,7,FALSE)),"") -> See 2021 Zoomopname "opname hoorcollege 7.mp4" and Collegerama recording 2011/2012 - https://collegerama.tudelft.nl/Mediasite/Channel/as-bsc-tn/watch/b6b2331bc2144aba9c70d01fb3cfa6311d and 12 May 2023 "TN2786_008" recording from 00:04:00 on https://collegeramavideoportal.tudelft.nl/catalogue/tn2786/presentation/1701937ea67942759c7f810749f0fb891d?academicYear=2022-2023-tn2786 | U25: =IFERROR(VLOOKUP(G25,Demos!$B$7:N5918,12,FALSE),"") -> 0
A26: =ROW()-5 -> 21 | B26: TN2054 | C26: =IFERROR(VLOOKUP(B26, Courses!$C$3:$E$836, 2, FALSE),"") -> Electromagnetism | D26: =IFERROR(VLOOKUP(MID(G26,1,1), PIRA!$B$1:$E$1146, 2, FALSE),"") -> 5 Electricity and Magnetism | E26: =IFERROR(VLOOKUP(MID(G26,1,2),PIRA!$B$1:$E$1144,2,FALSE),"")&" "&IFERROR(VLOOKUP(MID(H26,1,2),PIRA!$B$1:$E$1144,2,FALSE),"")&" "&IFERROR(VLOOKUP(MID(I26,1,2),PIRA!$B$1:$E$1144,2,FALSE),"") -> Capacitance | F26: =IFERROR(VLOOKUP(MID(G26,1,4),PIRA!$B$1:$E$1144,2,FALSE),"")&" "&IFERROR(VLOOKUP(MID(H26,1,4),PIRA!$B$1:$E$1144,2,FALSE),"")&" "&IFERROR(VLOOKUP(MID(I26,1,4),PIRA!$B$1:$E$1144,2,FALSE),"") -> Capacitors | G26: 5C10.20 | H26: =IFERROR(IF(VLOOKUP(G26,Demos!$B$3:$K$1368,2,FALSE)=0,"",VLOOKUP(G26,Demos!$B$3:$K$1368,2,FALSE)),"") | I26: =IFERROR(IF(VLOOKUP(G26,Demos!$B$3:$K$1368,3,FALSE)=0,"",VLOOKUP(G26,Demos!$B$3:$K$1368,3,FALSE)),"") | J26: =IFERROR(IF(VLOOKUP(G26,Demos!$B$3:$K$1368,4,FALSE)=0,"",VLOOKUP(G26,Demos!$B$3:$K$1368,4,FALSE)),"") | K26: Niels van Dijk | L26: Martin Verweij | M26: 45414 | N26: =IFERROR(VLOOKUP(G26,Demos!$B$3:$K$1368,5,FALSE),"") -> Capacitor (1) Spacing between the Plates | O26: =IF(N26="","",COUNTIF($N$6:N2145, N26)) -> 15 | P26: =IFERROR(IF(VLOOKUP(G26,Demos!$B$3:$K$1368,6,FALSE)=0,"",VLOOKUP(G26,Demos!$B$3:$K$1368,6,FALSE)),"") -> www.de-monstrare.nl/.../Capacitor%20_1_ %20Spacing%20between%20the%20plates.pdf | Q26: =IFERROR(IF(VLOOKUP(G26,Demos!$B$3:$K$1368,8,FALSE)=0,"",VLOOKUP(G26,Demos!$B$3:$K$1368,8,FALSE)),"") | R26: =IFERROR(IF(VLOOKUP(G26,Demos!$B$3:$K$1368,7,FALSE)=0,"",VLOOKUP(G26,Demos!$B$3:$K$1368,7,FALSE)),"") | U26: =IFERROR(VLOOKUP(G26,Demos!$B$7:N5927,12,FALSE),"")
A27: =ROW()-5 -> 22 | B27: TN2785 | C27: =IFERROR(VLOOKUP(B27, Courses!$C$3:$E$836, 2, FALSE),"") -> Physical Transport Phenomena | D27: =IFERROR(VLOOKUP(MID(G27,1,1), PIRA!$B$1:$E$1146, 2, FALSE),"") | E27: =IFERROR(VLOOKUP(MID(G27,1,2),PIRA!$B$1:$E$1144,2,FALSE),"")&" "&IFERROR(VLOOKUP(MID(H27,1,2),PIRA!$B$1:$E$1144,2,FALSE),"")&" "&IFERROR(VLOOKUP(MID(I27,1,2),PIRA!$B$1:$E$1144,2,FALSE),"") | F27: =IFERROR(VLOOKUP(MID(G27,1,4),PIRA!$B$1:$E$1144,2,FALSE),"")&" "&IFERROR(VLOOKUP(MID(H27,1,4),PIRA!$B$1:$E$1144,2,FALSE),"")&" "&IFERROR(VLOOKUP(MID(I27,1,4),PIRA!$B$1:$E$1144,2,FALSE),"") | H27: =IFERROR(IF(VLOOKUP(G27,Demos!$B$3:$K$1368,2,FALSE)=0,"",VLOOKUP(G27,Demos!$B$3:$K$1368,2,FALSE)),"") | I27: =IFERROR(IF(VLOOKUP(G27,Demos!$B$3:$K$1368,3,FALSE)=0,"",VLOOKUP(G27,Demos!$B$3:$K$1368,3,FALSE)),"") | J27: =IFERROR(IF(VLOOKUP(G27,Demos!$B$3:$K$1368,4,FALSE)=0,"",VLOOKUP(G27,Demos!$B$3:$K$1368,4,FALSE)),"") | K27: Chris Klein | L27: Martin Rohde | M27: 45410 | N27: =IFERROR(VLOOKUP(G27,Demos!$B$3:$K$1368,5,FALSE),"") | O27: =IF(N27="","",COUNTIF($N$6:N2146, N27)) | P27: =IFERROR(IF(VLOOKUP(G27,Demos!$B$3:$K$1368,6,FALSE)=0,"",VLOOKUP(G27,Demos!$B$3:$K$1368,6,FALSE)),"") | Q27: =IFERROR(IF(VLOOKUP(G27,Demos!$B$3:$K$1368,8,FALSE)=0,"",VLOOKUP(G27,Demos!$B$3:$K$1368,8,FALSE)),"") | R27: =IFERROR(IF(VLOOKUP(G27,Demos!$B$3:$K$1368,7,FALSE)=0,"",VLOOKUP(G27,Demos!$B$3:$K$1368,7,FALSE)),"") | T27: No (lecturer decided not to use demo) | U27: =IFERROR(VLOOKUP(G27,Demos!$B$7:N5919,12,FALSE),"")
A28: =ROW()-5 -> 23 | B28: TN2785 | C28: =IFERROR(VLOOKUP(B28, Courses!$C$3:$E$836, 2, FALSE),"") -> Physical Transport Phenomena | D28: =IFERROR(VLOOKUP(MID(G28,1,1), PIRA!$B$1:$E$1146, 2, FALSE),"") | E28: =IFERROR(VLOOKUP(MID(G28,1,2),PIRA!$B$1:$E$1144,2,FALSE),"")&" "&IFERROR(VLOOKUP(MID(H28,1,2),PIRA!$B$1:$E$1144,2,FALSE),"")&" "&IFERROR(VLOOKUP(MID(I28,1,2),PIRA!$B$1:$E$1144,2,FALSE),"") | F28: =IFERROR(VLOOKUP(MID(G28,1,4),PIRA!$B$1:$E$1144,2,FALSE),"")&" "&IFERROR(VLOOKUP(MID(H28,1,4),PIRA!$B$1:$E$1144,2,FALSE),"")&" "&IFERROR(VLOOKUP(MID(I28,1,4),PIRA!$B$1:$E$1144,2,FALSE),"") | H28: =IFERROR(IF(VLOOKUP(G28,Demos!$B$3:$K$1368,2,FALSE)=0,"",VLOOKUP(G28,Demos!$B$3:$K$1368,2,FALSE)),"") | I28: =IFERROR(IF(VLOOKUP(G28,Demos!$B$3:$K$1368,3,FALSE)=0,"",VLOOKUP(G28,Demos!$B$3:$K$1368,3,FALSE)),"") | J28: =IFERROR(IF(VLOOKUP(G28,Demos!$B$3:$K$1368,4,FALSE)=0,"",VLOOKUP(G28,Demos!$B$3:$K$1368,4,FALSE)),"") | K28: Martin Rohde | M28: 45410 | N28: =IFERROR(VLOOKUP(G28,Demos!$B$3:$K$1368,5,FALSE),"") | O28: =IF(N28="","",COUNTIF($N$6:N2147, N28)) | P28: =IFERROR(IF(VLOOKUP(G28,Demos!$B$3:$K$1368,6,FALSE)=0,"",VLOOKUP(G28,Demos!$B$3:$K$1368,6,FALSE)),"") | Q28: =IFERROR(IF(VLOOKUP(G28,Demos!$B$3:$K$1368,8,FALSE)=0,"",VLOOKUP(G28,Demos!$B$3:$K$1368,8,FALSE)),"") | R28: =IFERROR(IF(VLOOKUP(G28,Demos!$B$3:$K$1368,7,FALSE)=0,"",VLOOKUP(G28,Demos!$B$3:$K$1368,7,FALSE)),"") | T28: No (no setup done) | U28: =IFERROR(VLOOKUP(G28,Demos!$B$7:N5920,12,FALSE),"")
A29: =ROW()-5 -> 24 | B29: TN2785 | C29: =IFERROR(VLOOKUP(B29, Courses!$C$3:$E$836, 2, FALSE),"") -> Physical Transport Phenomena | D29: =IFERROR(VLOOKUP(MID(G29,1,1), PIRA!$B$1:$E$1146, 2, FALSE),"") | E29: =IFERROR(VLOOKUP(MID(G29,1,2),PIRA!$B$1:$E$1144,2,FALSE),"")&" "&IFERROR(VLOOKUP(MID(H29,1,2),PIRA!$B$1:$E$1144,2,FALSE),"")&" "&IFERROR(VLOOKUP(MID(I29,1,2),PIRA!$B$1:$E$1144,2,FALSE),"") | F29: =IFERROR(VLOOKUP(MID(G29,1,4),PIRA!$B$1:$E$1144,2,FALSE),"")&" "&IFERROR(VLOOKUP(MID(H29,1,4),PIRA!$B$1:$E$1144,2,FALSE),"")&" "&IFERROR(VLOOKUP(MID(I29,1,4),PIRA!$B$1:$E$1144,2,FALSE),"") | H29: =IFERROR(IF(VLOOKUP(G29,Demos!$B$3:$K$1368,2,FALSE)=0,"",VLOOKUP(G29,Demos!$B$3:$K$1368,2,FALSE)),"") | I29: =IFERROR(IF(VLOOKUP(G29,Demos!$B$3:$K$1368,3,FALSE)=0,"",VLOOKUP(G29,Demos!$B$3:$K$1368,3,FALSE)),"") | J29: =IFERROR(IF(VLOOKUP(G29,Demos!$B$3:$K$1368,4,FALSE)=0,"",VLOOKUP(G29,Demos!$B$3:$K$1368,4,FALSE)),"") | K29: Martin Rohde | M29: 45410 | N29: =IFERROR(VLOOKUP(G29,Demos!$B$3:$K$1368,5,FALSE),"") | O29: =IF(N29="","",COUNTIF($N$6:N2148, N29)) | P29: =IFERROR(IF(VLOOKUP(G29,Demos!$B$3:$K$1368,6,FALSE)=0,"",VLOOKUP(G29,Demos!$B$3:$K$1368,6,FALSE)),"") | Q29: =IFERROR(IF(VLOOKUP(G29,Demos!$B$3:$K$1368,8,FALSE)=0,"",VLOOKUP(G29,Demos!$B$3:$K$1368,8,FALSE)),"") | R29: =IFERROR(IF(VLOOKUP(G29,Demos!$B$3:$K$1368,7,FALSE)=0,"",VLOOKUP(G29,Demos!$B$3:$K$1368,7,FALSE)),"") | T29: No (no setup done) | U29: =IFERROR(VLOOKUP(G29,Demos!$B$7:N5921,12,FALSE),"")
A30: =ROW()-5 -> 25 | B30: TN2785 | C30: =IFERROR(VLOOKUP(B30, Courses!$C$3:$E$836, 2, FALSE),"") -> Physical Transport Phenomena | D30: =IFERROR(VLOOKUP(MID(G30,1,1), PIRA!$B$1:$E$1146, 2, FALSE),"") | E30: =IFERROR(VLOOKUP(MID(G30,1,2),PIRA!$B$1:$E$1144,2,FALSE),"")&" "&IFERROR(VLOOKUP(MID(H30,1,2),PIRA!$B$1:$E$1144,2,FALSE),"")&" "&IFERROR(VLOOKUP(MID(I30,1,2),PIRA!$B$1:$E$1144,2,FALSE),"") | F30: =IFERROR(VLOOKUP(MID(G30,1,4),PIRA!$B$1:$E$1144,2,FALSE),"")&" "&IFERROR(VLOOKUP(MID(H30,1,4),PIRA!$B$1:$E$1144,2,FALSE),"")&" "&IFERROR(VLOOKUP(MID(I30,1,4),PIRA!$B$1:$E$1144,2,FALSE),"") | H30: =IFERROR(IF(VLOOKUP(G30,Demos!$B$3:$K$1368,2,FALSE)=0,"",VLOOKUP(G30,Demos!$B$3:$K$1368,2,FALSE)),"") | I30: =IFERROR(IF(VLOOKUP(G30,Demos!$B$3:$K$1368,3,FALSE)=0,"",VLOOKUP(G30,Demos!$B$3:$K$1368,3,FALSE)),"") | J30: =IFERROR(IF(VLOOKUP(G30,Demos!$B$3:$K$1368,4,FALSE)=0,"",VLOOKUP(G30,Demos!$B$3:$K$1368,4,FALSE)),"") | K30: Martin Rohde | M30: 45410 | N30: =IFERROR(VLOOKUP(G30,Demos!$B$3:$K$1368,5,FALSE),"") | O30: =IF(N30="","",COUNTIF($N$6:N2149, N30)) | P30: =IFERROR(IF(VLOOKUP(G30,Demos!$B$3:$K$1368,6,FALSE)=0,"",VLOOKUP(G30,Demos!$B$3:$K$1368,6,FALSE)),"") | Q30: =IFERROR(IF(VLOOKUP(G30,Demos!$B$3:$K$1368,8,FALSE)=0,"",VLOOKUP(G30,Demos!$B$3:$K$1368,8,FALSE)),"") | R30: =IFERROR(IF(VLOOKUP(G30,Demos!$B$3:$K$1368,7,FALSE)=0,"",VLOOKUP(G30,Demos!$B$3:$K$1368,7,FALSE)),"") | T30: No (setup malfunctioning) | U30: =IFERROR(VLOOKUP(G30,Demos!$B$7:N5922,12,FALSE),"")
A31: =ROW()-5 -> 26 | B31: TN2785 | C31: =IFERROR(VLOOKUP(B31, Courses!$C$3:$E$836, 2, FALSE),"") -> Physical Transport Phenomena | D31: =IFERROR(VLOOKUP(MID(G31,1,1), PIRA!$B$1:$E$1146, 2, FALSE),"") | E31: =IFERROR(VLOOKUP(MID(G31,1,2),PIRA!$B$1:$E$1144,2,FALSE),"")&" "&IFERROR(VLOOKUP(MID(H31,1,2),PIRA!$B$1:$E$1144,2,FALSE),"")&" "&IFERROR(VLOOKUP(MID(I31,1,2),PIRA!$B$1:$E$1144,2,FALSE),"") | F31: =IFERROR(VLOOKUP(MID(G31,1,4),PIRA!$B$1:$E$1144,2,FALSE),"")&" "&IFERROR(VLOOKUP(MID(H31,1,4),PIRA!$B$1:$E$1144,2,FALSE),"")&" "&IFERROR(VLOOKUP(MID(I31,1,4),PIRA!$B$1:$E$1144,2,FALSE),"") | H31: =IFERROR(IF(VLOOKUP(G31,Demos!$B$3:$K$1368,2,FALSE)=0,"",VLOOKUP(G31,Demos!$B$3:$K$1368,2,FALSE)),"") | I31: =IFERROR(IF(VLOOKUP(G31,Demos!$B$3:$K$1368,3,FALSE)=0,"",VLOOKUP(G31,Demos!$B$3:$K$1368,3,FALSE)),"") | J31: =IFERROR(IF(VLOOKUP(G31,Demos!$B$3:$K$1368,4,FALSE)=0,"",VLOOKUP(G31,Demos!$B$3:$K$1368,4,FALSE)),"") | K31: Martin Rohde | M31: 45410 | N31: =IFERROR(VLOOKUP(G31,Demos!$B$3:$K$1368,5,FALSE),"") | O31: =IF(N31="","",COUNTIF($N$6:N2150, N31)) | P31: =IFERROR(IF(VLOOKUP(G31,Demos!$B$3:$K$1368,6,FALSE)=0,"",VLOOKUP(G31,Demos!$B$3:$K$1368,6,FALSE)),"") | Q31: =IFERROR(IF(VLOOKUP(G31,Demos!$B$3:$K$1368,8,FALSE)=0,"",VLOOKUP(G31,Demos!$B$3:$K$1368,8,FALSE)),"") | R31: =IFERROR(IF(VLOOKUP(G31,Demos!$B$3:$K$1368,7,FALSE)=0,"",VLOOKUP(G31,Demos!$B$3:$K$1368,7,FALSE)),"") | T31: No (no setup done) | U31: =IFERROR(VLOOKUP(G31,Demos!$B$7:N5923,12,FALSE),"")
A32: =ROW()-5 -> 27 | B32: TN2785 | C32: =IFERROR(VLOOKUP(B32, Courses!$C$3:$E$836, 2, FALSE),"") -> Physical Transport Phenomena | D32: =IFERROR(VLOOKUP(MID(G32,1,1), PIRA!$B$1:$E$1146, 2, FALSE),"") | E32: =IFERROR(VLOOKUP(MID(G32,1,2),PIRA!$B$1:$E$1144,2,FALSE),"")&" "&IFERROR(VLOOKUP(MID(H32,1,2),PIRA!$B$1:$E$1144,2,FALSE),"")&" "&IFERROR(VLOOKUP(MID(I32,1,2),PIRA!$B$1:$E$1144,2,FALSE),"") | F32: =IFERROR(VLOOKUP(MID(G32,1,4),PIRA!$B$1:$E$1144,2,FALSE),"")&" "&IFERROR(VLOOKUP(MID(H32,1,4),PIRA!$B$1:$E$1144,2,FALSE),"")&" "&IFERROR(VLOOKUP(MID(I32,1,4),PIRA!$B$1:$E$1144,2,FALSE),"") | H32: =IFERROR(IF(VLOOKUP(G32,Demos!$B$3:$K$1368,2,FALSE)=0,"",VLOOKUP(G32,Demos!$B$3:$K$1368,2,FALSE)),"") | I32: =IFERROR(IF(VLOOKUP(G32,Demos!$B$3:$K$1368,3,FALSE)=0,"",VLOOKUP(G32,Demos!$B$3:$K$1368,3,FALSE)),"") | J32: =IFERROR(IF(VLOOKUP(G32,Demos!$B$3:$K$1368,4,FALSE)=0,"",VLOOKUP(G32,Demos!$B$3:$K$1368,4,FALSE)),"") | K32: Martin Rohde | M32: 45410 | N32: =IFERROR(VLOOKUP(G32,Demos!$B$3:$K$1368,5,FALSE),"") | O32: =IF(N32="","",COUNTIF($N$6:N2151, N32)) | P32: =IFERROR(IF(VLOOKUP(G32,Demos!$B$3:$K$1368,6,FALSE)=0,"",VLOOKUP(G32,Demos!$B$3:$K$1368,6,FALSE)),"") | Q32: =IFERROR(IF(VLOOKUP(G32,Demos!$B$3:$K$1368,8,FALSE)=0,"",VLOOKUP(G32,Demos!$B$3:$K$1368,8,FALSE)),"") | R32: =IFERROR(IF(VLOOKUP(G32,Demos!$B$3:$K$1368,7,FALSE)=0,"",VLOOKUP(G32,Demos!$B$3:$K$1368,7,FALSE)),"") | T32: No (no setup done) | U32: =IFERROR(VLOOKUP(G32,Demos!$B$7:N5924,12,FALSE),"")
A33: =ROW()-5 -> 28 | B33: TN2785 | C33: =IFERROR(VLOOKUP(B33, Courses!$C$3:$E$836, 2, FALSE),"") -> Physical Transport Phenomena | D33: =IFERROR(VLOOKUP(MID(G33,1,1), PIRA!$B$1:$E$1146, 2, FALSE),"") | E33: =IFERROR(VLOOKUP(MID(G33,1,2),PIRA!$B$1:$E$1144,2,FALSE),"")&" "&IFERROR(VLOOKUP(MID(H33,1,2),PIRA!$B$1:$E$1144,2,FALSE),"")&" "&IFERROR(VLOOKUP(MID(I33,1,2),PIRA!$B$1:$E$1144,2,FALSE),"") | F33: =IFERROR(VLOOKUP(MID(G33,1,4),PIRA!$B$1:$E$1144,2,FALSE),"")&" "&IFERROR(VLOOKUP(MID(H33,1,4),PIRA!$B$1:$E$1144,2,FALSE),"")&" "&IFERROR(VLOOKUP(MID(I33,1,4),PIRA!$B$1:$E$1144,2,FALSE),"") | H33: =IFERROR(IF(VLOOKUP(G33,Demos!$B$3:$K$1368,2,FALSE)=0,"",VLOOKUP(G33,Demos!$B$3:$K$1368,2,FALSE)),"") | I33: =IFERROR(IF(VLOOKUP(G33,Demos!$B$3:$K$1368,3,FALSE)=0,"",VLOOKUP(G33,Demos!$B$3:$K$1368,3,FALSE)),"") | J33: =IFERROR(IF(VLOOKUP(G33,Demos!$B$3:$K$1368,4,FALSE)=0,"",VLOOKUP(G33,Demos!$B$3:$K$1368,4,FALSE)),"") | K33: Martin Rohde | M33: 45410 | N33: =IFERROR(VLOOKUP(G33,Demos!$B$3:$K$1368,5,FALSE),"") | O33: =IF(N33="","",COUNTIF($N$6:N2152, N33)) | P33: =IFERROR(IF(VLOOKUP(G33,Demos!$B$3:$K$1368,6,FALSE)=0,"",VLOOKUP(G33,Demos!$B$3:$K$1368,6,FALSE)),"") | Q33: =IFERROR(IF(VLOOKUP(G33,Demos!$B$3:$K$1368,8,FALSE)=0,"",VLOOKUP(G33,Demos!$B$3:$K$1368,8,FALSE)),"") | R33: =IFERROR(IF(VLOOKUP(G33,Demos!$B$3:$K$1368,7,FALSE)=0,"",VLOOKUP(G33,Demos!$B$3:$K$1368,7,FALSE)),"") | T33: No (no setup done) | U33: =IFERROR(VLOOKUP(G33,Demos!$B$7:N5925,12,FALSE),"")
A34: =ROW()-5 -> 29 | B34: TN2785 | C34: =IFERROR(VLOOKUP(B34, Courses!$C$3:$E$836, 2, FALSE),"") -> Physical Transport Phenomena | D34: =IFERROR(VLOOKUP(MID(G34,1,1), PIRA!$B$1:$E$1146, 2, FALSE),"") | E34: =IFERROR(VLOOKUP(MID(G34,1,2),PIRA!$B$1:$E$1144,2,FALSE),"")&" "&IFERROR(VLOOKUP(MID(H34,1,2),PIRA!$B$1:$E$1144,2,FALSE),"")&" "&IFERROR(VLOOKUP(MID(I34,1,2),PIRA!$B$1:$E$1144,2,FALSE),"") | F34: =IFERROR(VLOOKUP(MID(G34,1,4),PIRA!$B$1:$E$1144,2,FALSE),"")&" "&IFERROR(VLOOKUP(MID(H34,1,4),PIRA!$B$1:$E$1144,2,FALSE),"")&" "&IFERROR(VLOOKUP(MID(I34,1,4),PIRA!$B$1:$E$1144,2,FALSE),"") | H34: =IFERROR(IF(VLOOKUP(G34,Demos!$B$3:$K$1368,2,FALSE)=0,"",VLOOKUP(G34,Demos!$B$3:$K$1368,2,FALSE)),"") | I34: =IFERROR(IF(VLOOKUP(G34,Demos!$B$3:$K$1368,3,FALSE)=0,"",VLOOKUP(G34,Demos!$B$3:$K$1368,3,FALSE)),"") | J34: =IFERROR(IF(VLOOKUP(G34,Demos!$B$3:$K$1368,4,FALSE)=0,"",VLOOKUP(G34,Demos!$B$3:$K$1368,4,FALSE)),"") | K34: Martin Rohde | M34: 45410 | N34: =IFERROR(VLOOKUP(G34,Demos!$B$3:$K$1368,5,FALSE),"") | O34: =IF(N34="","",COUNTIF($N$6:N2153, N34)) | P34: =IFERROR(IF(VLOOKUP(G34,Demos!$B$3:$K$1368,6,FALSE)=0,"",VLOOKUP(G34,Demos!$B$3:$K$1368,6,FALSE)),"") | Q34: =IFERROR(IF(VLOOKUP(G34,Demos!$B$3:$K$1368,8,FALSE)=0,"",VLOOKUP(G34,Demos!$B$3:$K$1368,8,FALSE)),"") | R34: =IFERROR(IF(VLOOKUP(G34,Demos!$B$3:$K$1368,7,FALSE)=0,"",VLOOKUP(G34,Demos!$B$3:$K$1368,7,FALSE)),"") | T34: No (lecturer decided not to use demo) | U34: =IFERROR(VLOOKUP(G34,Demos!$B$7:N5926,12,FALSE),"")
A35: =ROW()-5 -> 30 | B35: TN2785 | C35: =IFERROR(VLOOKUP(B35, Courses!$C$3:$E$836, 2, FALSE),"") -> Physical Transport Phenomena | D35: =IFERROR(VLOOKUP(MID(G35,1,1), PIRA!$B$1:$E$1146, 2, FALSE),"") -> 2 Fluid Mechanics | E35: =IFERROR(VLOOKUP(MID(G35,1,2),PIRA!$B$1:$E$1144,2,FALSE),"")&" "&IFERROR(VLOOKUP(MID(H35,1,2),PIRA!$B$1:$E$1144,2,FALSE),"")&" "&IFERROR(VLOOKUP(MID(I35,1,2),PIRA!$B$1:$E$1144,2,FALSE),"") -> Dynamics of Fluids | F35: =IFERROR(VLOOKUP(MID(G35,1,4),PIRA!$B$1:$E$1144,2,FALSE),"")&" "&IFERROR(VLOOKUP(MID(H35,1,4),PIRA!$B$1:$E$1144,2,FALSE),"")&" "&IFERROR(VLOOKUP(MID(I35,1,4),PIRA!$B$1:$E$1144,2,FALSE),"") -> Forces in Moving Fluids | G35: 2C20.30 | H35: =IFERROR(IF(VLOOKUP(G35,Demos!$B$3:$K$1368,2,FALSE)=0,"",VLOOKUP(G35,Demos!$B$3:$K$1368,2,FALSE)),"") | I35: =IFERROR(IF(VLOOKUP(G35,Demos!$B$3:$K$1368,3,FALSE)=0,"",VLOOKUP(G35,Demos!$B$3:$K$1368,3,FALSE)),"") | J35: =IFERROR(IF(VLOOKUP(G35,Demos!$B$3:$K$1368,4,FALSE)=0,"",VLOOKUP(G35,Demos!$B$3:$K$1368,4,FALSE)),"") | K35: Chris Klein | L35: Martin Rohde | M35: 45408 | N35: =IFERROR(VLOOKUP(G35,Demos!$B$3:$K$1368,5,FALSE),"") -> Vacuum Cleaner and Ping-Pong Ball | O35: =IF(N35="","",COUNTIF($N$6:N2154, N35)) -> 20 | P35: =IFERROR(IF(VLOOKUP(G35,Demos!$B$3:$K$1368,6,FALSE)=0,"",VLOOKUP(G35,Demos!$B$3:$K$1368,6,FALSE)),"") -> N/A | Q35: =IFERROR(IF(VLOOKUP(G35,Demos!$B$3:$K$1368,8,FALSE)=0,"",VLOOKUP(G35,Demos!$B$3:$K$1368,8,FALSE)),"") | R35: =IFERROR(IF(VLOOKUP(G35,Demos!$B$3:$K$1368,7,FALSE)=0,"",VLOOKUP(G35,Demos!$B$3:$K$1368,7,FALSE)),"") -> See 2021 Zoomopname "opname hoorcollege 2.mp4" and Collegerama recording 2011/2012 - https://collegerama.tudelft.nl/Mediasite/Channel/as-bsc-tn/watch/b6b2331bc2144aba9c70d01fb3cfa6311d and 2022-2023 from 01:25:40 https://collegerama.tudelft.nl/Mediasite/Channel/as-bsc-tn/watch/2f27d3d6436b4dc9b44a4a21e91f98331d | U35: =IFERROR(VLOOKUP(G35,Demos!$B$7:N5930,12,FALSE),"")
A36: =ROW()-5 -> 31 | B36: TN2421 | C36: =IFERROR(VLOOKUP(B36, Courses!$C$3:$E$836, 2, FALSE),"") -> Optics | D36: =IFERROR(VLOOKUP(MID(G36,1,1), PIRA!$B$1:$E$1146, 2, FALSE),"") -> 6 Optics | E36: =IFERROR(VLOOKUP(MID(G36,1,2),PIRA!$B$1:$E$1144,2,FALSE),"")&" "&IFERROR(VLOOKUP(MID(H36,1,2),PIRA!$B$1:$E$1144,2,FALSE),"")&" "&IFERROR(VLOOKUP(MID(I36,1,2),PIRA!$B$1:$E$1144,2,FALSE),"") -> Modern Optics | F36: =IFERROR(VLOOKUP(MID(G36,1,4),PIRA!$B$1:$E$1144,2,FALSE),"")&" "&IFERROR(VLOOKUP(MID(H36,1,4),PIRA!$B$1:$E$1144,2,FALSE),"")&" "&IFERROR(VLOOKUP(MID(I36,1,4),PIRA!$B$1:$E$1144,2,FALSE),"") -> Holography | G36: 6Q10.10 | H36: =IFERROR(IF(VLOOKUP(G36,Demos!$B$3:$K$1368,2,FALSE)=0,"",VLOOKUP(G36,Demos!$B$3:$K$1368,2,FALSE)),"") | I36: =IFERROR(IF(VLOOKUP(G36,Demos!$B$3:$K$1368,3,FALSE)=0,"",VLOOKUP(G36,Demos!$B$3:$K$1368,3,FALSE)),"") | J36: =IFERROR(IF(VLOOKUP(G36,Demos!$B$3:$K$1368,4,FALSE)=0,"",VLOOKUP(G36,Demos!$B$3:$K$1368,4,FALSE)),"") | K36: Aurele Adam | L36: Miriam Menzel | M36: 45396 | N36: =IFERROR(VLOOKUP(G36,Demos!$B$3:$K$1368,5,FALSE),"") -> Holography | O36: =IF(N36="","",COUNTIF($N$6:N2155, N36)) -> 2 | P36: =IFERROR(IF(VLOOKUP(G36,Demos!$B$3:$K$1368,6,FALSE)=0,"",VLOOKUP(G36,Demos!$B$3:$K$1368,6,FALSE)),"") -> N/A | Q36: =IFERROR(IF(VLOOKUP(G36,Demos!$B$3:$K$1368,8,FALSE)=0,"",VLOOKUP(G36,Demos!$B$3:$K$1368,8,FALSE)),"") -> Missing setup as of 26 Mar 2014 | R36: =IFERROR(IF(VLOOKUP(G36,Demos!$B$3:$K$1368,7,FALSE)=0,"",VLOOKUP(G36,Demos!$B$3:$K$1368,7,FALSE)),"") | U36: =IFERROR(VLOOKUP(G36,Demos!$B$7:N5882,12,FALSE),"")
A37: =ROW()-5 -> 32 | B37: TN2421 | C37: =IFERROR(VLOOKUP(B37, Courses!$C$3:$E$836, 2, FALSE),"") -> Optics | D37: =IFERROR(VLOOKUP(MID(G37,1,1), PIRA!$B$1:$E$1146, 2, FALSE),"") -> 6 Optics | E37: =IFERROR(VLOOKUP(MID(G37,1,2),PIRA!$B$1:$E$1144,2,FALSE),"")&" "&IFERROR(VLOOKUP(MID(H37,1,2),PIRA!$B$1:$E$1144,2,FALSE),"")&" "&IFERROR(VLOOKUP(MID(I37,1,2),PIRA!$B$1:$E$1144,2,FALSE),"") -> Diffraction | F37: =IFERROR(VLOOKUP(MID(G37,1,4),PIRA!$B$1:$E$1144,2,FALSE),"")&" "&IFERROR(VLOOKUP(MID(H37,1,4),PIRA!$B$1:$E$1144,2,FALSE),"")&" "&IFERROR(VLOOKUP(MID(I37,1,4),PIRA!$B$1:$E$1144,2,FALSE),"") -> Diffraction Around Objects | G37: 6C20.03 | H37: =IFERROR(IF(VLOOKUP(G37,Demos!$B$3:$K$1368,2,FALSE)=0,"",VLOOKUP(G37,Demos!$B$3:$K$1368,2,FALSE)),"") | I37: =IFERROR(IF(VLOOKUP(G37,Demos!$B$3:$K$1368,3,FALSE)=0,"",VLOOKUP(G37,Demos!$B$3:$K$1368,3,FALSE)),"") | J37: =IFERROR(IF(VLOOKUP(G37,Demos!$B$3:$K$1368,4,FALSE)=0,"",VLOOKUP(G37,Demos!$B$3:$K$1368,4,FALSE)),"") | K37: Miriam Menzel | L37: Aurele Adam | M37: 45394 | N37: =IFERROR(VLOOKUP(G37,Demos!$B$3:$K$1368,5,FALSE),"") -> Diffraction (2b), Single Slit | O37: =IF(N37="","",COUNTIF($N$6:N2156, N37)) -> 12 | P37: =IFERROR(IF(VLOOKUP(G37,Demos!$B$3:$K$1368,6,FALSE)=0,"",VLOOKUP(G37,Demos!$B$3:$K$1368,6,FALSE)),"") -> www.de-monstrare.nl/pdf/Diffraction_2b_,%20single%20slit.pdf | Q37: =IFERROR(IF(VLOOKUP(G37,Demos!$B$3:$K$1368,8,FALSE)=0,"",VLOOKUP(G37,Demos!$B$3:$K$1368,8,FALSE)),"") | R37: =IFERROR(IF(VLOOKUP(G37,Demos!$B$3:$K$1368,7,FALSE)=0,"",VLOOKUP(G37,Demos!$B$3:$K$1368,7,FALSE)),"") | U37: =IFERROR(VLOOKUP(G37,Demos!$B$7:N5933,12,FALSE),"")
A38: =ROW()-5 -> 33 | B38: TN2421 | C38: =IFERROR(VLOOKUP(B38, Courses!$C$3:$E$836, 2, FALSE),"") -> Optics | D38: =IFERROR(VLOOKUP(MID(G38,1,1), PIRA!$B$1:$E$1146, 2, FALSE),"") -> 6 Optics | E38: =IFERROR(VLOOKUP(MID(G38,1,2),PIRA!$B$1:$E$1144,2,FALSE),"")&" "&IFERROR(VLOOKUP(MID(H38,1,2),PIRA!$B$1:$E$1144,2,FALSE),"")&" "&IFERROR(VLOOKUP(MID(I38,1,2),PIRA!$B$1:$E$1144,2,FALSE),"") -> Interference Diffraction | F38: =IFERROR(VLOOKUP(MID(G38,1,4),PIRA!$B$1:$E$1144,2,FALSE),"")&" "&IFERROR(VLOOKUP(MID(H38,1,4),PIRA!$B$1:$E$1144,2,FALSE),"")&" "&IFERROR(VLOOKUP(MID(I38,1,4),PIRA!$B$1:$E$1144,2,FALSE),"") -> Interference From Two Sources Diffraction Through One Slit | G38: 6D10.10 | H38: =IFERROR(IF(VLOOKUP(G38,Demos!$B$3:$K$1368,2,FALSE)=0,"",VLOOKUP(G38,Demos!$B$3:$K$1368,2,FALSE)),"") -> 6C10.26 | I38: =IFERROR(IF(VLOOKUP(G38,Demos!$B$3:$K$1368,3,FALSE)=0,"",VLOOKUP(G38,Demos!$B$3:$K$1368,3,FALSE)),"") | J38: =IFERROR(IF(VLOOKUP(G38,Demos!$B$3:$K$1368,4,FALSE)=0,"",VLOOKUP(G38,Demos!$B$3:$K$1368,4,FALSE)),"") | K38: Miriam Menzel | L38: Aurele Adam | M38: 45394 | N38: =IFERROR(VLOOKUP(G38,Demos!$B$3:$K$1368,5,FALSE),"") -> Young's Double Slit | O38: =IF(N38="","",COUNTIF($N$6:N2157, N38)) -> 19 | P38: =IFERROR(IF(VLOOKUP(G38,Demos!$B$3:$K$1368,6,FALSE)=0,"",VLOOKUP(G38,Demos!$B$3:$K$1368,6,FALSE)),"") -> www.de-monstrare.nl/pdf/Young%27s%20double%20slit.pdf | Q38: =IFERROR(IF(VLOOKUP(G38,Demos!$B$3:$K$1368,8,FALSE)=0,"",VLOOKUP(G38,Demos!$B$3:$K$1368,8,FALSE)),"") -> Not in database yet | R38: =IFERROR(IF(VLOOKUP(G38,Demos!$B$3:$K$1368,7,FALSE)=0,"",VLOOKUP(G38,Demos!$B$3:$K$1368,7,FALSE)),"") -> See 09 Apr 2019 Collegerama recoring TN2421_10 from 01:29:55 - https://collegerama.tudelft.nl/Mediasite/Channel/as-bsc-tn/watch/a70c41f4099e41a3966d61dab00a21c61d | U38: =IFERROR(VLOOKUP(G38,Demos!$B$7:N5932,12,FALSE),"")
A39: =ROW()-5 -> 34 | B39: NB2041 | C39: =IFERROR(VLOOKUP(B39, Courses!$C$3:$E$836, 2, FALSE),"") -> Optics and Microscopy | D39: =IFERROR(VLOOKUP(MID(G39,1,1), PIRA!$B$1:$E$1146, 2, FALSE),"") -> 6 Optics | E39: =IFERROR(VLOOKUP(MID(G39,1,2),PIRA!$B$1:$E$1144,2,FALSE),"")&" "&IFERROR(VLOOKUP(MID(H39,1,2),PIRA!$B$1:$E$1144,2,FALSE),"")&" "&IFERROR(VLOOKUP(MID(I39,1,2),PIRA!$B$1:$E$1144,2,FALSE),"") -> Polarisation | F39: =IFERROR(VLOOKUP(MID(G39,1,4),PIRA!$B$1:$E$1144,2,FALSE),"")&" "&IFERROR(VLOOKUP(MID(H39,1,4),PIRA!$B$1:$E$1144,2,FALSE),"")&" "&IFERROR(VLOOKUP(MID(I39,1,4),PIRA!$B$1:$E$1144,2,FALSE),"") -> Birefringence | G39: 6H35.01 | H39: =IFERROR(IF(VLOOKUP(G39,Demos!$B$3:$K$1368,2,FALSE)=0,"",VLOOKUP(G39,Demos!$B$3:$K$1368,2,FALSE)),"") | I39: =IFERROR(IF(VLOOKUP(G39,Demos!$B$3:$K$1368,3,FALSE)=0,"",VLOOKUP(G39,Demos!$B$3:$K$1368,3,FALSE)),"") | J39: =IFERROR(IF(VLOOKUP(G39,Demos!$B$3:$K$1368,4,FALSE)=0,"",VLOOKUP(G39,Demos!$B$3:$K$1368,4,FALSE)),"") | K39: Elizabeth Carol | L39: Silvania Pereira | M39: 45390 | N39: =IFERROR(VLOOKUP(G39,Demos!$B$3:$K$1368,5,FALSE),"") -> Kaleidoscope | O39: =IF(N39="","",COUNTIF($N$6:N2158, N39)) -> 12 | P39: =IFERROR(IF(VLOOKUP(G39,Demos!$B$3:$K$1368,6,FALSE)=0,"",VLOOKUP(G39,Demos!$B$3:$K$1368,6,FALSE)),"") -> N/A | Q39: =IFERROR(IF(VLOOKUP(G39,Demos!$B$3:$K$1368,8,FALSE)=0,"",VLOOKUP(G39,Demos!$B$3:$K$1368,8,FALSE)),"") | R39: =IFERROR(IF(VLOOKUP(G39,Demos!$B$3:$K$1368,7,FALSE)=0,"",VLOOKUP(G39,Demos!$B$3:$K$1368,7,FALSE)),"") | T39: No (setup done) | U39: =IFERROR(VLOOKUP(G39,Demos!$B$7:N5931,12,FALSE),"")
A40: =ROW()-5 -> 35 | B40: TN2421 | C40: =IFERROR(VLOOKUP(B40, Courses!$C$3:$E$836, 2, FALSE),"") -> Optics | D40: =IFERROR(VLOOKUP(MID(G40,1,1), PIRA!$B$1:$E$1146, 2, FALSE),"") -> 6 Optics | E40: =IFERROR(VLOOKUP(MID(G40,1,2),PIRA!$B$1:$E$1144,2,FALSE),"")&" "&IFERROR(VLOOKUP(MID(H40,1,2),PIRA!$B$1:$E$1144,2,FALSE),"")&" "&IFERROR(VLOOKUP(MID(I40,1,2),PIRA!$B$1:$E$1144,2,FALSE),"") -> Diffraction Modern Optics Diffraction | F40: =IFERROR(VLOOKUP(MID(G40,1,4),PIRA!$B$1:$E$1144,2,FALSE),"")&" "&IFERROR(VLOOKUP(MID(H40,1,4),PIRA!$B$1:$E$1144,2,FALSE),"")&" "&IFERROR(VLOOKUP(MID(I40,1,4),PIRA!$B$1:$E$1144,2,FALSE),"") -> Diffraction Through One Slit Physical Optics Diffraction Around Objects | G40: 6C10.10 | H40: =IFERROR(IF(VLOOKUP(G40,Demos!$B$3:$K$1368,2,FALSE)=0,"",VLOOKUP(G40,Demos!$B$3:$K$1368,2,FALSE)),"") -> 6Q20.21 | I40: =IFERROR(IF(VLOOKUP(G40,Demos!$B$3:$K$1368,3,FALSE)=0,"",VLOOKUP(G40,Demos!$B$3:$K$1368,3,FALSE)),"") -> 6C20.18 | J40: =IFERROR(IF(VLOOKUP(G40,Demos!$B$3:$K$1368,4,FALSE)=0,"",VLOOKUP(G40,Demos!$B$3:$K$1368,4,FALSE)),"") | K40: Aurele Adam | L40: Miriam Menzel | M40: 45389 | N40: =IFERROR(VLOOKUP(G40,Demos!$B$3:$K$1368,5,FALSE),"") -> Fraunhofer and Fresnel Diffraction | O40: =IF(N40="","",COUNTIF($N$6:N2159, N40)) -> 4 | P40: =IFERROR(IF(VLOOKUP(G40,Demos!$B$3:$K$1368,6,FALSE)=0,"",VLOOKUP(G40,Demos!$B$3:$K$1368,6,FALSE)),"") -> www.de-monstrare.nl/pdf/Fraunhofer%20-%20and%20Fresnel%20diffraction.pdf | Q40: =IFERROR(IF(VLOOKUP(G40,Demos!$B$3:$K$1368,8,FALSE)=0,"",VLOOKUP(G40,Demos!$B$3:$K$1368,8,FALSE)),"") | R40: =IFERROR(IF(VLOOKUP(G40,Demos!$B$3:$K$1368,7,FALSE)=0,"",VLOOKUP(G40,Demos!$B$3:$K$1368,7,FALSE)),"") -> See 05 Apr 2019 Collegerama recording TN2421_09 from 01:23:38 - https://collegerama.tudelft.nl/Mediasite/Channel/as-bsc-tn/watch/556b44abfbb545d184afa87a44b212111d | T40: No (lack of time) | U40: =IFERROR(VLOOKUP(G40,Demos!$B$7:N5896,12,FALSE),"")
A41: =ROW()-5 -> 36 | B41: TN2421 | C41: =IFERROR(VLOOKUP(B41, Courses!$C$3:$E$836, 2, FALSE),"") -> Optics | D41: =IFERROR(VLOOKUP(MID(G41,1,1), PIRA!$B$1:$E$1146, 2, FALSE),"") -> 6 Optics | E41: =IFERROR(VLOOKUP(MID(G41,1,2),PIRA!$B$1:$E$1144,2,FALSE),"")&" "&IFERROR(VLOOKUP(MID(H41,1,2),PIRA!$B$1:$E$1144,2,FALSE),"")&" "&IFERROR(VLOOKUP(MID(I41,1,2),PIRA!$B$1:$E$1144,2,FALSE),"") -> Interference | F41: =IFERROR(VLOOKUP(MID(G41,1,4),PIRA!$B$1:$E$1144,2,FALSE),"")&" "&IFERROR(VLOOKUP(MID(H41,1,4),PIRA!$B$1:$E$1144,2,FALSE),"")&" "&IFERROR(VLOOKUP(MID(I41,1,4),PIRA!$B$1:$E$1144,2,FALSE),"") -> Interferometers | G41: 6D40.10 | H41: =IFERROR(IF(VLOOKUP(G41,Demos!$B$3:$K$1368,2,FALSE)=0,"",VLOOKUP(G41,Demos!$B$3:$K$1368,2,FALSE)),"") | I41: =IFERROR(IF(VLOOKUP(G41,Demos!$B$3:$K$1368,3,FALSE)=0,"",VLOOKUP(G41,Demos!$B$3:$K$1368,3,FALSE)),"") | J41: =IFERROR(IF(VLOOKUP(G41,Demos!$B$3:$K$1368,4,FALSE)=0,"",VLOOKUP(G41,Demos!$B$3:$K$1368,4,FALSE)),"") | K41: Miriam Menzel | L41: Aurele Adam | M41: 45385 | N41: =IFERROR(VLOOKUP(G41,Demos!$B$3:$K$1368,5,FALSE),"") -> Michelson-Morley Interferometer | O41: =IF(N41="","",COUNTIF($N$6:N2160, N41)) -> 37 | P41: =IFERROR(IF(VLOOKUP(G41,Demos!$B$3:$K$1368,6,FALSE)=0,"",VLOOKUP(G41,Demos!$B$3:$K$1368,6,FALSE)),"") -> www.de-monstrare.nl/pdf/Michelson-Morley%20interferometer.pdf | Q41: =IFERROR(IF(VLOOKUP(G41,Demos!$B$3:$K$1368,8,FALSE)=0,"",VLOOKUP(G41,Demos!$B$3:$K$1368,8,FALSE)),"") | R41: =IFERROR(IF(VLOOKUP(G41,Demos!$B$3:$K$1368,7,FALSE)=0,"",VLOOKUP(G41,Demos!$B$3:$K$1368,7,FALSE)),"") -> See 2022 recording TN1612TU_24. https://collegerama.tudelft.nl/Mediasite/Channel/as-bsc-tn/watch/7474e760f1e14321b537b197c972eb3e1d | U41: =IFERROR(VLOOKUP(G41,Demos!$B$7:N5936,12,FALSE),"")
A42: =ROW()-5 -> 37 | B42: TN2421 | C42: =IFERROR(VLOOKUP(B42, Courses!$C$3:$E$836, 2, FALSE),"") -> Optics | D42: =IFERROR(VLOOKUP(MID(G42,1,1), PIRA!$B$1:$E$1146, 2, FALSE),"") -> 6 Optics | E42: =IFERROR(VLOOKUP(MID(G42,1,2),PIRA!$B$1:$E$1144,2,FALSE),"")&" "&IFERROR(VLOOKUP(MID(H42,1,2),PIRA!$B$1:$E$1144,2,FALSE),"")&" "&IFERROR(VLOOKUP(MID(I42,1,2),PIRA!$B$1:$E$1144,2,FALSE),"") -> Interference | F42: =IFERROR(VLOOKUP(MID(G42,1,4),PIRA!$B$1:$E$1144,2,FALSE),"")&" "&IFERROR(VLOOKUP(MID(H42,1,4),PIRA!$B$1:$E$1144,2,FALSE),"")&" "&IFERROR(VLOOKUP(MID(I42,1,4),PIRA!$B$1:$E$1144,2,FALSE),"") -> Interferometers | G42: 6D40.45 | H42: =IFERROR(IF(VLOOKUP(G42,Demos!$B$3:$K$1368,2,FALSE)=0,"",VLOOKUP(G42,Demos!$B$3:$K$1368,2,FALSE)),"") | I42: =IFERROR(IF(VLOOKUP(G42,Demos!$B$3:$K$1368,3,FALSE)=0,"",VLOOKUP(G42,Demos!$B$3:$K$1368,3,FALSE)),"") | J42: =IFERROR(IF(VLOOKUP(G42,Demos!$B$3:$K$1368,4,FALSE)=0,"",VLOOKUP(G42,Demos!$B$3:$K$1368,4,FALSE)),"") | K42: Aurele Adam | L42: Miriam Menzel | M42: 45385 | N42: =IFERROR(VLOOKUP(G42,Demos!$B$3:$K$1368,5,FALSE),"") -> Coherence | O42: =IF(N42="","",COUNTIF($N$6:N2161, N42)) -> 8 | P42: =IFERROR(IF(VLOOKUP(G42,Demos!$B$3:$K$1368,6,FALSE)=0,"",VLOOKUP(G42,Demos!$B$3:$K$1368,6,FALSE)),"") -> N/A | Q42: =IFERROR(IF(VLOOKUP(G42,Demos!$B$3:$K$1368,8,FALSE)=0,"",VLOOKUP(G42,Demos!$B$3:$K$1368,8,FALSE)),"") -> Demonstrate difference in coherence length of a white light LED and a red laser using a Michelson interferometer by detuning one of its mirrors such that the white light fringes quickly disappear whilst the red laser fringe visibility is still there. | R42: =IFERROR(IF(VLOOKUP(G42,Demos!$B$3:$K$1368,7,FALSE)=0,"",VLOOKUP(G42,Demos!$B$3:$K$1368,7,FALSE)),"") -> See 02 Apr 2019 Collegerama recording TN2421_07 from 01:19:10 - https://collegerama.tudelft.nl/Mediasite/Channel/as-bsc-tn/watch/57fdc9d36e244cb5afdc01190b14676a1d | U42: =IFERROR(VLOOKUP(G42,Demos!$B$7:N5935,12,FALSE),"")
A43: =ROW()-5 -> 38 | B43: TN1612TU | C43: =IFERROR(VLOOKUP(B43, Courses!$C$3:$E$836, 2, FALSE),"") -> Mechanics and Theory of Relativity | D43: =IFERROR(VLOOKUP(MID(G43,1,1), PIRA!$B$1:$E$1146, 2, FALSE),"") -> 6 Optics | E43: =IFERROR(VLOOKUP(MID(G43,1,2),PIRA!$B$1:$E$1144,2,FALSE),"")&" "&IFERROR(VLOOKUP(MID(H43,1,2),PIRA!$B$1:$E$1144,2,FALSE),"")&" "&IFERROR(VLOOKUP(MID(I43,1,2),PIRA!$B$1:$E$1144,2,FALSE),"") -> Interference | F43: =IFERROR(VLOOKUP(MID(G43,1,4),PIRA!$B$1:$E$1144,2,FALSE),"")&" "&IFERROR(VLOOKUP(MID(H43,1,4),PIRA!$B$1:$E$1144,2,FALSE),"")&" "&IFERROR(VLOOKUP(MID(I43,1,4),PIRA!$B$1:$E$1144,2,FALSE),"") -> Interferometers | G43: 6D40.10 | H43: =IFERROR(IF(VLOOKUP(G43,Demos!$B$3:$K$1368,2,FALSE)=0,"",VLOOKUP(G43,Demos!$B$3:$K$1368,2,FALSE)),"") | I43: =IFERROR(IF(VLOOKUP(G43,Demos!$B$3:$K$1368,3,FALSE)=0,"",VLOOKUP(G43,Demos!$B$3:$K$1368,3,FALSE)),"") | J43: =IFERROR(IF(VLOOKUP(G43,Demos!$B$3:$K$1368,4,FALSE)=0,"",VLOOKUP(G43,Demos!$B$3:$K$1368,4,FALSE)),"") | K43: Bernd Rieger | L43: Rob Mudde | M43: 45382 | N43: =IFERROR(VLOOKUP(G43,Demos!$B$3:$K$1368,5,FALSE),"") -> Michelson-Morley Interferometer | O43: =IF(N43="","",COUNTIF($N$6:N2162, N43)) -> 37 | P43: =IFERROR(IF(VLOOKUP(G43,Demos!$B$3:$K$1368,6,FALSE)=0,"",VLOOKUP(G43,Demos!$B$3:$K$1368,6,FALSE)),"") -> www.de-monstrare.nl/pdf/Michelson-Morley%20interferometer.pdf | Q43: =IFERROR(IF(VLOOKUP(G43,Demos!$B$3:$K$1368,8,FALSE)=0,"",VLOOKUP(G43,Demos!$B$3:$K$1368,8,FALSE)),"") | R43: =IFERROR(IF(VLOOKUP(G43,Demos!$B$3:$K$1368,7,FALSE)=0,"",VLOOKUP(G43,Demos!$B$3:$K$1368,7,FALSE)),"") -> See 2022 recording TN1612TU_24. https://collegerama.tudelft.nl/Mediasite/Channel/as-bsc-tn/watch/7474e760f1e14321b537b197c972eb3e1d | U43: =IFERROR(VLOOKUP(G43,Demos!$B$7:N5939,12,FALSE),"")
A44: =ROW()-5 -> 39 | B44: TN2421 | C44: =IFERROR(VLOOKUP(B44, Courses!$C$3:$E$836, 2, FALSE),"") -> Optics | D44: =IFERROR(VLOOKUP(MID(G44,1,1), PIRA!$B$1:$E$1146, 2, FALSE),"") -> 9 Equipment | E44: =IFERROR(VLOOKUP(MID(G44,1,2),PIRA!$B$1:$E$1144,2,FALSE),"")&" "&IFERROR(VLOOKUP(MID(H44,1,2),PIRA!$B$1:$E$1144,2,FALSE),"")&" "&IFERROR(VLOOKUP(MID(I44,1,2),PIRA!$B$1:$E$1144,2,FALSE),"") -> Electronic | F44: =IFERROR(VLOOKUP(MID(G44,1,4),PIRA!$B$1:$E$1144,2,FALSE),"")&" "&IFERROR(VLOOKUP(MID(H44,1,4),PIRA!$B$1:$E$1144,2,FALSE),"")&" "&IFERROR(VLOOKUP(MID(I44,1,4),PIRA!$B$1:$E$1144,2,FALSE),"") -> Lasers | G44: 9B62.35 | H44: =IFERROR(IF(VLOOKUP(G44,Demos!$B$3:$K$1368,2,FALSE)=0,"",VLOOKUP(G44,Demos!$B$3:$K$1368,2,FALSE)),"") | I44: =IFERROR(IF(VLOOKUP(G44,Demos!$B$3:$K$1368,3,FALSE)=0,"",VLOOKUP(G44,Demos!$B$3:$K$1368,3,FALSE)),"") | J44: =IFERROR(IF(VLOOKUP(G44,Demos!$B$3:$K$1368,4,FALSE)=0,"",VLOOKUP(G44,Demos!$B$3:$K$1368,4,FALSE)),"") | K44: Aurele Adam | L44: Miriam Menzel | M44: 45382 | N44: =IFERROR(VLOOKUP(G44,Demos!$B$3:$K$1368,5,FALSE),"") -> Lasers | O44: =IF(N44="","",COUNTIF($N$6:N2163, N44)) -> 8 | P44: =IFERROR(IF(VLOOKUP(G44,Demos!$B$3:$K$1368,6,FALSE)=0,"",VLOOKUP(G44,Demos!$B$3:$K$1368,6,FALSE)),"") -> N/A | Q44: =IFERROR(IF(VLOOKUP(G44,Demos!$B$3:$K$1368,8,FALSE)=0,"",VLOOKUP(G44,Demos!$B$3:$K$1368,8,FALSE)),"") -> A worked open HeNe laser | R44: =IFERROR(IF(VLOOKUP(G44,Demos!$B$3:$K$1368,7,FALSE)=0,"",VLOOKUP(G44,Demos!$B$3:$K$1368,7,FALSE)),"") | T44: No (lack of time) | U44: =IFERROR(VLOOKUP(G44,Demos!$B$7:N5934,12,FALSE),"")
A45: =ROW()-5 -> 40 | B45: TN2421 | C45: =IFERROR(VLOOKUP(B45, Courses!$C$3:$E$836, 2, FALSE),"") -> Optics | D45: =IFERROR(VLOOKUP(MID(G45,1,1), PIRA!$B$1:$E$1146, 2, FALSE),"") -> 6 Optics | E45: =IFERROR(VLOOKUP(MID(G45,1,2),PIRA!$B$1:$E$1144,2,FALSE),"")&" "&IFERROR(VLOOKUP(MID(H45,1,2),PIRA!$B$1:$E$1144,2,FALSE),"")&" "&IFERROR(VLOOKUP(MID(I45,1,2),PIRA!$B$1:$E$1144,2,FALSE),"") -> Polarisation | F45: =IFERROR(VLOOKUP(MID(G45,1,4),PIRA!$B$1:$E$1144,2,FALSE),"")&" "&IFERROR(VLOOKUP(MID(H45,1,4),PIRA!$B$1:$E$1144,2,FALSE),"")&" "&IFERROR(VLOOKUP(MID(I45,1,4),PIRA!$B$1:$E$1144,2,FALSE),"") -> Birefringence | G45: 6H35.02 | H45: =IFERROR(IF(VLOOKUP(G45,Demos!$B$3:$K$1368,2,FALSE)=0,"",VLOOKUP(G45,Demos!$B$3:$K$1368,2,FALSE)),"") | I45: =IFERROR(IF(VLOOKUP(G45,Demos!$B$3:$K$1368,3,FALSE)=0,"",VLOOKUP(G45,Demos!$B$3:$K$1368,3,FALSE)),"") | J45: =IFERROR(IF(VLOOKUP(G45,Demos!$B$3:$K$1368,4,FALSE)=0,"",VLOOKUP(G45,Demos!$B$3:$K$1368,4,FALSE)),"") | K45: Aurele Adam | L45: Miriam Menzel | M45: 45380 | N45: =IFERROR(VLOOKUP(G45,Demos!$B$3:$K$1368,5,FALSE),"") -> Polarisation (circular) | O45: =IF(N45="","",COUNTIF($N$6:N2164, N45)) -> 2 | P45: =IFERROR(IF(VLOOKUP(G45,Demos!$B$3:$K$1368,6,FALSE)=0,"",VLOOKUP(G45,Demos!$B$3:$K$1368,6,FALSE)),"") -> N/A | Q45: =IFERROR(IF(VLOOKUP(G45,Demos!$B$3:$K$1368,8,FALSE)=0,"",VLOOKUP(G45,Demos!$B$3:$K$1368,8,FALSE)),"") -> Thorlabs Polarisation Setup | R45: =IFERROR(IF(VLOOKUP(G45,Demos!$B$3:$K$1368,7,FALSE)=0,"",VLOOKUP(G45,Demos!$B$3:$K$1368,7,FALSE)),"") -> See Collegerama 29 Mar 2019 recording TN2421_06 from 01:11:00 - https://collegerama.tudelft.nl/Mediasite/Channel/as-bsc-tn/watch/03d60341f3904d5aaffe8d0df5947f451d | U45: =IFERROR(VLOOKUP(G45,Demos!$B$7:N5897,12,FALSE),"") -> 0
A46: =ROW()-5 -> 41 | B46: TN1612TU | C46: =IFERROR(VLOOKUP(B46, Courses!$C$3:$E$836, 2, FALSE),"") -> Mechanics and Theory of Relativity | D46: =IFERROR(VLOOKUP(MID(G46,1,1), PIRA!$B$1:$E$1146, 2, FALSE),"") -> 1 Mechanics | E46: =IFERROR(VLOOKUP(MID(G46,1,2),PIRA!$B$1:$E$1144,2,FALSE),"")&" "&IFERROR(VLOOKUP(MID(H46,1,2),PIRA!$B$1:$E$1144,2,FALSE),"")&" "&IFERROR(VLOOKUP(MID(I46,1,2),PIRA!$B$1:$E$1144,2,FALSE),"") -> Motion in two Dimensions | F46: =IFERROR(VLOOKUP(MID(G46,1,4),PIRA!$B$1:$E$1144,2,FALSE),"")&" "&IFERROR(VLOOKUP(MID(H46,1,4),PIRA!$B$1:$E$1144,2,FALSE),"")&" "&IFERROR(VLOOKUP(MID(I46,1,4),PIRA!$B$1:$E$1144,2,FALSE),"") -> Central Forces | G46: 1D50.01 | H46: =IFERROR(IF(VLOOKUP(G46,Demos!$B$3:$K$1368,2,FALSE)=0,"",VLOOKUP(G46,Demos!$B$3:$K$1368,2,FALSE)),"") | I46: =IFERROR(IF(VLOOKUP(G46,Demos!$B$3:$K$1368,3,FALSE)=0,"",VLOOKUP(G46,Demos!$B$3:$K$1368,3,FALSE)),"") | J46: =IFERROR(IF(VLOOKUP(G46,Demos!$B$3:$K$1368,4,FALSE)=0,"",VLOOKUP(G46,Demos!$B$3:$K$1368,4,FALSE)),"") | K46: Bernd Rieger | L46: Rob Mudde | M46: 45378 | N46: =IFERROR(VLOOKUP(G46,Demos!$B$3:$K$1368,5,FALSE),"") -> Going Round in Circles | O46: =IF(N46="","",COUNTIF($N$6:N2165, N46)) -> 9 | P46: =IFERROR(IF(VLOOKUP(G46,Demos!$B$3:$K$1368,6,FALSE)=0,"",VLOOKUP(G46,Demos!$B$3:$K$1368,6,FALSE)),"") -> www.de-monstrare.nl/pdf/Going%20round%20in%20circles.pdf | Q46: =IFERROR(IF(VLOOKUP(G46,Demos!$B$3:$K$1368,8,FALSE)=0,"",VLOOKUP(G46,Demos!$B$3:$K$1368,8,FALSE)),"") | R46: =IFERROR(IF(VLOOKUP(G46,Demos!$B$3:$K$1368,7,FALSE)=0,"",VLOOKUP(G46,Demos!$B$3:$K$1368,7,FALSE)),"") | T46: No (cancelled) | U46: =IFERROR(VLOOKUP(G46,Demos!$B$7:N5942,12,FALSE),"")
A47: =ROW()-5 -> 42 | B47: TN1612TU | C47: =IFERROR(VLOOKUP(B47, Courses!$C$3:$E$836, 2, FALSE),"") -> Mechanics and Theory of Relativity | D47: =IFERROR(VLOOKUP(MID(G47,1,1), PIRA!$B$1:$E$1146, 2, FALSE),"") -> 1 Mechanics | E47: =IFERROR(VLOOKUP(MID(G47,1,2),PIRA!$B$1:$E$1144,2,FALSE),"")&" "&IFERROR(VLOOKUP(MID(H47,1,2),PIRA!$B$1:$E$1144,2,FALSE),"")&" "&IFERROR(VLOOKUP(MID(I47,1,2),PIRA!$B$1:$E$1144,2,FALSE),"") -> Relative Motion | F47: =IFERROR(VLOOKUP(MID(G47,1,4),PIRA!$B$1:$E$1144,2,FALSE),"")&" "&IFERROR(VLOOKUP(MID(H47,1,4),PIRA!$B$1:$E$1144,2,FALSE),"")&" "&IFERROR(VLOOKUP(MID(I47,1,4),PIRA!$B$1:$E$1144,2,FALSE),"") | G47: 1E00.00 | H47: =IFERROR(IF(VLOOKUP(G47,Demos!$B$3:$K$1368,2,FALSE)=0,"",VLOOKUP(G47,Demos!$B$3:$K$1368,2,FALSE)),"") | I47: =IFERROR(IF(VLOOKUP(G47,Demos!$B$3:$K$1368,3,FALSE)=0,"",VLOOKUP(G47,Demos!$B$3:$K$1368,3,FALSE)),"") | J47: =IFERROR(IF(VLOOKUP(G47,Demos!$B$3:$K$1368,4,FALSE)=0,"",VLOOKUP(G47,Demos!$B$3:$K$1368,4,FALSE)),"") | K47: Bernd Rieger | L47: Rob Mudde | M47: 45378 | N47: =IFERROR(VLOOKUP(G47,Demos!$B$3:$K$1368,5,FALSE),"") -> Person in Wheeled chair | O47: =IF(N47="","",COUNTIF($N$6:N2166, N47)) -> 10 | P47: =IFERROR(IF(VLOOKUP(G47,Demos!$B$3:$K$1368,6,FALSE)=0,"",VLOOKUP(G47,Demos!$B$3:$K$1368,6,FALSE)),"") -> N/A | Q47: =IFERROR(IF(VLOOKUP(G47,Demos!$B$3:$K$1368,8,FALSE)=0,"",VLOOKUP(G47,Demos!$B$3:$K$1368,8,FALSE)),"") -> As a demonstration of existance of fictitious forces, push a student whilst sitting in a chair on wheels, so they can feel the force that pushes them into the back rest of the chair. | R47: =IFERROR(IF(VLOOKUP(G47,Demos!$B$3:$K$1368,7,FALSE)=0,"",VLOOKUP(G47,Demos!$B$3:$K$1368,7,FALSE)),"") | T47: No (cancelled) | U47: =IFERROR(VLOOKUP(G47,Demos!$B$7:N5941,12,FALSE),"")
A48: =ROW()-5 -> 43 | B48: TN1612TU | C48: =IFERROR(VLOOKUP(B48, Courses!$C$3:$E$836, 2, FALSE),"") -> Mechanics and Theory of Relativity | D48: =IFERROR(VLOOKUP(MID(G48,1,1), PIRA!$B$1:$E$1146, 2, FALSE),"") -> 1 Mechanics | E48: =IFERROR(VLOOKUP(MID(G48,1,2),PIRA!$B$1:$E$1144,2,FALSE),"")&" "&IFERROR(VLOOKUP(MID(H48,1,2),PIRA!$B$1:$E$1144,2,FALSE),"")&" "&IFERROR(VLOOKUP(MID(I48,1,2),PIRA!$B$1:$E$1144,2,FALSE),"") -> Relative Motion | F48: =IFERROR(VLOOKUP(MID(G48,1,4),PIRA!$B$1:$E$1144,2,FALSE),"")&" "&IFERROR(VLOOKUP(MID(H48,1,4),PIRA!$B$1:$E$1144,2,FALSE),"")&" "&IFERROR(VLOOKUP(MID(I48,1,4),PIRA!$B$1:$E$1144,2,FALSE),"") -> Rotating Reference Frames | G48: 1E20.02 | H48: =IFERROR(IF(VLOOKUP(G48,Demos!$B$3:$K$1368,2,FALSE)=0,"",VLOOKUP(G48,Demos!$B$3:$K$1368,2,FALSE)),"") | I48: =IFERROR(IF(VLOOKUP(G48,Demos!$B$3:$K$1368,3,FALSE)=0,"",VLOOKUP(G48,Demos!$B$3:$K$1368,3,FALSE)),"") | J48: =IFERROR(IF(VLOOKUP(G48,Demos!$B$3:$K$1368,4,FALSE)=0,"",VLOOKUP(G48,Demos!$B$3:$K$1368,4,FALSE)),"") | K48: Rob Mudde | L48: Bernd Rieger | M48: 45378 | N48: =IFERROR(VLOOKUP(G48,Demos!$B$3:$K$1368,5,FALSE),"") -> Coriolis (1a) | O48: =IF(N48="","",COUNTIF($N$6:N2167, N48)) -> 9 | P48: =IFERROR(IF(VLOOKUP(G48,Demos!$B$3:$K$1368,6,FALSE)=0,"",VLOOKUP(G48,Demos!$B$3:$K$1368,6,FALSE)),"") -> www.de-monstrare.nl/pdf/Coriolis%20_1a_.pdf | Q48: =IFERROR(IF(VLOOKUP(G48,Demos!$B$3:$K$1368,8,FALSE)=0,"",VLOOKUP(G48,Demos!$B$3:$K$1368,8,FALSE)),"") | R48: =IFERROR(IF(VLOOKUP(G48,Demos!$B$3:$K$1368,7,FALSE)=0,"",VLOOKUP(G48,Demos!$B$3:$K$1368,7,FALSE)),"") -> See Collegerama 2022 recording TN1612TU_22 - https://collegerama.tudelft.nl/Mediasite/Channel/as-bsc-tn/watch/18ed1dabe394424f863782ea19d168bf1d | U48: =IFERROR(VLOOKUP(G48,Demos!$B$7:N5947,12,FALSE),"")
A49: =ROW()-5 -> 44 | B49: TN1612TU | C49: =IFERROR(VLOOKUP(B49, Courses!$C$3:$E$836, 2, FALSE),"") -> Mechanics and Theory of Relativity | D49: =IFERROR(VLOOKUP(MID(G49,1,1), PIRA!$B$1:$E$1146, 2, FALSE),"") -> 1 Mechanics | E49: =IFERROR(VLOOKUP(MID(G49,1,2),PIRA!$B$1:$E$1144,2,FALSE),"")&" "&IFERROR(VLOOKUP(MID(H49,1,2),PIRA!$B$1:$E$1144,2,FALSE),"")&" "&IFERROR(VLOOKUP(MID(I49,1,2),PIRA!$B$1:$E$1144,2,FALSE),"") -> Relative Motion | F49: =IFERROR(VLOOKUP(MID(G49,1,4),PIRA!$B$1:$E$1144,2,FALSE),"")&" "&IFERROR(VLOOKUP(MID(H49,1,4),PIRA!$B$1:$E$1144,2,FALSE),"")&" "&IFERROR(VLOOKUP(MID(I49,1,4),PIRA!$B$1:$E$1144,2,FALSE),"") -> Rotating Reference Frames | G49: 1E20.03 | H49: =IFERROR(IF(VLOOKUP(G49,Demos!$B$3:$K$1368,2,FALSE)=0,"",VLOOKUP(G49,Demos!$B$3:$K$1368,2,FALSE)),"") | I49: =IFERROR(IF(VLOOKUP(G49,Demos!$B$3:$K$1368,3,FALSE)=0,"",VLOOKUP(G49,Demos!$B$3:$K$1368,3,FALSE)),"") | J49: =IFERROR(IF(VLOOKUP(G49,Demos!$B$3:$K$1368,4,FALSE)=0,"",VLOOKUP(G49,Demos!$B$3:$K$1368,4,FALSE)),"") | K49: Rob Mudde | L49: Bernd Rieger | M49: 45378 | N49: =IFERROR(VLOOKUP(G49,Demos!$B$3:$K$1368,5,FALSE),"") -> Coriolis (1b) | O49: =IF(N49="","",COUNTIF($N$6:N2168, N49)) -> 32 | P49: =IFERROR(IF(VLOOKUP(G49,Demos!$B$3:$K$1368,6,FALSE)=0,"",VLOOKUP(G49,Demos!$B$3:$K$1368,6,FALSE)),"") -> www.de-monstrare.nl/pdf/Coriolis%20_1b_.pdf | Q49: =IFERROR(IF(VLOOKUP(G49,Demos!$B$3:$K$1368,8,FALSE)=0,"",VLOOKUP(G49,Demos!$B$3:$K$1368,8,FALSE)),"") | R49: =IFERROR(IF(VLOOKUP(G49,Demos!$B$3:$K$1368,7,FALSE)=0,"",VLOOKUP(G49,Demos!$B$3:$K$1368,7,FALSE)),"") -> See Collegerama 2022 recording TN1612TU_22 - https://collegerama.tudelft.nl/Mediasite/Channel/as-bsc-tn/watch/18ed1dabe394424f863782ea19d168bf1d | U49: =IFERROR(VLOOKUP(G49,Demos!$B$7:N5944,12,FALSE),"")
A50: =ROW()-5 -> 45 | B50: TN1612TU | C50: =IFERROR(VLOOKUP(B50, Courses!$C$3:$E$836, 2, FALSE),"") -> Mechanics and Theory of Relativity | D50: =IFERROR(VLOOKUP(MID(G50,1,1), PIRA!$B$1:$E$1146, 2, FALSE),"") -> 1 Mechanics | E50: =IFERROR(VLOOKUP(MID(G50,1,2),PIRA!$B$1:$E$1144,2,FALSE),"")&" "&IFERROR(VLOOKUP(MID(H50,1,2),PIRA!$B$1:$E$1144,2,FALSE),"")&" "&IFERROR(VLOOKUP(MID(I50,1,2),PIRA!$B$1:$E$1144,2,FALSE),"") -> Relative Motion | F50: =IFERROR(VLOOKUP(MID(G50,1,4),PIRA!$B$1:$E$1144,2,FALSE),"")&" "&IFERROR(VLOOKUP(MID(H50,1,4),PIRA!$B$1:$E$1144,2,FALSE),"")&" "&IFERROR(VLOOKUP(MID(I50,1,4),PIRA!$B$1:$E$1144,2,FALSE),"") -> Rotating Reference Frames | G50: 1E20.03 | H50: =IFERROR(IF(VLOOKUP(G50,Demos!$B$3:$K$1368,2,FALSE)=0,"",VLOOKUP(G50,Demos!$B$3:$K$1368,2,FALSE)),"") | I50: =IFERROR(IF(VLOOKUP(G50,Demos!$B$3:$K$1368,3,FALSE)=0,"",VLOOKUP(G50,Demos!$B$3:$K$1368,3,FALSE)),"") | J50: =IFERROR(IF(VLOOKUP(G50,Demos!$B$3:$K$1368,4,FALSE)=0,"",VLOOKUP(G50,Demos!$B$3:$K$1368,4,FALSE)),"") | K50: Rob Mudde | L50: Bernd Rieger | M50: 45378 | N50: =IFERROR(VLOOKUP(G50,Demos!$B$3:$K$1368,5,FALSE),"") -> Coriolis (1b) | O50: =IF(N50="","",COUNTIF($N$6:N2169, N50)) -> 32 | P50: =IFERROR(IF(VLOOKUP(G50,Demos!$B$3:$K$1368,6,FALSE)=0,"",VLOOKUP(G50,Demos!$B$3:$K$1368,6,FALSE)),"") -> www.de-monstrare.nl/pdf/Coriolis%20_1b_.pdf | Q50: =IFERROR(IF(VLOOKUP(G50,Demos!$B$3:$K$1368,8,FALSE)=0,"",VLOOKUP(G50,Demos!$B$3:$K$1368,8,FALSE)),"") | R50: =IFERROR(IF(VLOOKUP(G50,Demos!$B$3:$K$1368,7,FALSE)=0,"",VLOOKUP(G50,Demos!$B$3:$K$1368,7,FALSE)),"") -> See Collegerama 2022 recording TN1612TU_22 - https://collegerama.tudelft.nl/Mediasite/Channel/as-bsc-tn/watch/18ed1dabe394424f863782ea19d168bf1d | U50: =IFERROR(VLOOKUP(G50,Demos!$B$7:N5945,12,FALSE),"")
A51: =ROW()-5 -> 46 | B51: TN1612TU | C51: =IFERROR(VLOOKUP(B51, Courses!$C$3:$E$836, 2, FALSE),"") -> Mechanics and Theory of Relativity | D51: =IFERROR(VLOOKUP(MID(G51,1,1), PIRA!$B$1:$E$1146, 2, FALSE),"") -> 1 Mechanics | E51: =IFERROR(VLOOKUP(MID(G51,1,2),PIRA!$B$1:$E$1144,2,FALSE),"")&" "&IFERROR(VLOOKUP(MID(H51,1,2),PIRA!$B$1:$E$1144,2,FALSE),"")&" "&IFERROR(VLOOKUP(MID(I51,1,2),PIRA!$B$1:$E$1144,2,FALSE),"") -> Relative Motion | F51: =IFERROR(VLOOKUP(MID(G51,1,4),PIRA!$B$1:$E$1144,2,FALSE),"")&" "&IFERROR(VLOOKUP(MID(H51,1,4),PIRA!$B$1:$E$1144,2,FALSE),"")&" "&IFERROR(VLOOKUP(MID(I51,1,4),PIRA!$B$1:$E$1144,2,FALSE),"") -> Rotating Reference Frames | G51: 1E20.03 | H51: =IFERROR(IF(VLOOKUP(G51,Demos!$B$3:$K$1368,2,FALSE)=0,"",VLOOKUP(G51,Demos!$B$3:$K$1368,2,FALSE)),"") | I51: =IFERROR(IF(VLOOKUP(G51,Demos!$B$3:$K$1368,3,FALSE)=0,"",VLOOKUP(G51,Demos!$B$3:$K$1368,3,FALSE)),"") | J51: =IFERROR(IF(VLOOKUP(G51,Demos!$B$3:$K$1368,4,FALSE)=0,"",VLOOKUP(G51,Demos!$B$3:$K$1368,4,FALSE)),"") | K51: Rob Mudde | L51: Bernd Rieger | M51: 45378 | N51: =IFERROR(VLOOKUP(G51,Demos!$B$3:$K$1368,5,FALSE),"") -> Coriolis (1b) | O51: =IF(N51="","",COUNTIF($N$6:N2170, N51)) -> 32 | P51: =IFERROR(IF(VLOOKUP(G51,Demos!$B$3:$K$1368,6,FALSE)=0,"",VLOOKUP(G51,Demos!$B$3:$K$1368,6,FALSE)),"") -> www.de-monstrare.nl/pdf/Coriolis%20_1b_.pdf | Q51: =IFERROR(IF(VLOOKUP(G51,Demos!$B$3:$K$1368,8,FALSE)=0,"",VLOOKUP(G51,Demos!$B$3:$K$1368,8,FALSE)),"") | R51: =IFERROR(IF(VLOOKUP(G51,Demos!$B$3:$K$1368,7,FALSE)=0,"",VLOOKUP(G51,Demos!$B$3:$K$1368,7,FALSE)),"") -> See Collegerama 2022 recording TN1612TU_22 - https://collegerama.tudelft.nl/Mediasite/Channel/as-bsc-tn/watch/18ed1dabe394424f863782ea19d168bf1d | U51: =IFERROR(VLOOKUP(G51,Demos!$B$7:N5946,12,FALSE),"")
A52: =ROW()-5 -> 47 | B52: TN1612TU | C52: =IFERROR(VLOOKUP(B52, Courses!$C$3:$E$836, 2, FALSE),"") -> Mechanics and Theory of Relativity | D52: =IFERROR(VLOOKUP(MID(G52,1,1), PIRA!$B$1:$E$1146, 2, FALSE),"") -> 1 Mechanics | E52: =IFERROR(VLOOKUP(MID(G52,1,2),PIRA!$B$1:$E$1144,2,FALSE),"")&" "&IFERROR(VLOOKUP(MID(H52,1,2),PIRA!$B$1:$E$1144,2,FALSE),"")&" "&IFERROR(VLOOKUP(MID(I52,1,2),PIRA!$B$1:$E$1144,2,FALSE),"") -> Relative Motion | F52: =IFERROR(VLOOKUP(MID(G52,1,4),PIRA!$B$1:$E$1144,2,FALSE),"")&" "&IFERROR(VLOOKUP(MID(H52,1,4),PIRA!$B$1:$E$1144,2,FALSE),"")&" "&IFERROR(VLOOKUP(MID(I52,1,4),PIRA!$B$1:$E$1144,2,FALSE),"") -> Rotating Reference Frames | G52: 1E20.04 | H52: =IFERROR(IF(VLOOKUP(G52,Demos!$B$3:$K$1368,2,FALSE)=0,"",VLOOKUP(G52,Demos!$B$3:$K$1368,2,FALSE)),"") | I52: =IFERROR(IF(VLOOKUP(G52,Demos!$B$3:$K$1368,3,FALSE)=0,"",VLOOKUP(G52,Demos!$B$3:$K$1368,3,FALSE)),"") | J52: =IFERROR(IF(VLOOKUP(G52,Demos!$B$3:$K$1368,4,FALSE)=0,"",VLOOKUP(G52,Demos!$B$3:$K$1368,4,FALSE)),"") | K52: Bernd Rieger | L52: Rob Mudde | M52: 45378 | N52: =IFERROR(VLOOKUP(G52,Demos!$B$3:$K$1368,5,FALSE),"") -> Coriolis Merry-go-Round | O52: =IF(N52="","",COUNTIF($N$6:N2171, N52)) -> 13 | P52: =IFERROR(IF(VLOOKUP(G52,Demos!$B$3:$K$1368,6,FALSE)=0,"",VLOOKUP(G52,Demos!$B$3:$K$1368,6,FALSE)),"") -> www.de-monstrare.nl/pdf/Coriolis%20merry-go-round.pdf | Q52: =IFERROR(IF(VLOOKUP(G52,Demos!$B$3:$K$1368,8,FALSE)=0,"",VLOOKUP(G52,Demos!$B$3:$K$1368,8,FALSE)),"") | R52: =IFERROR(IF(VLOOKUP(G52,Demos!$B$3:$K$1368,7,FALSE)=0,"",VLOOKUP(G52,Demos!$B$3:$K$1368,7,FALSE)),"") | T52: No (cancelled) | U52: =IFERROR(VLOOKUP(G52,Demos!$B$7:N5943,12,FALSE),"")
A53: =ROW()-5 -> 48 | B53: TN1612TU | C53: =IFERROR(VLOOKUP(B53, Courses!$C$3:$E$836, 2, FALSE),"") -> Mechanics and Theory of Relativity | D53: =IFERROR(VLOOKUP(MID(G53,1,1), PIRA!$B$1:$E$1146, 2, FALSE),"") -> 1 Mechanics | E53: =IFERROR(VLOOKUP(MID(G53,1,2),PIRA!$B$1:$E$1144,2,FALSE),"")&" "&IFERROR(VLOOKUP(MID(H53,1,2),PIRA!$B$1:$E$1144,2,FALSE),"")&" "&IFERROR(VLOOKUP(MID(I53,1,2),PIRA!$B$1:$E$1144,2,FALSE),"") -> Relative Motion | F53: =IFERROR(VLOOKUP(MID(G53,1,4),PIRA!$B$1:$E$1144,2,FALSE),"")&" "&IFERROR(VLOOKUP(MID(H53,1,4),PIRA!$B$1:$E$1144,2,FALSE),"")&" "&IFERROR(VLOOKUP(MID(I53,1,4),PIRA!$B$1:$E$1144,2,FALSE),"") -> Rotating Reference Frames | G53: 1E20.10 | H53: =IFERROR(IF(VLOOKUP(G53,Demos!$B$3:$K$1368,2,FALSE)=0,"",VLOOKUP(G53,Demos!$B$3:$K$1368,2,FALSE)),"") | I53: =IFERROR(IF(VLOOKUP(G53,Demos!$B$3:$K$1368,3,FALSE)=0,"",VLOOKUP(G53,Demos!$B$3:$K$1368,3,FALSE)),"") | J53: =IFERROR(IF(VLOOKUP(G53,Demos!$B$3:$K$1368,4,FALSE)=0,"",VLOOKUP(G53,Demos!$B$3:$K$1368,4,FALSE)),"") | K53: Bernd Rieger | L53: Rob Mudde | M53: 45378 | N53: =IFERROR(VLOOKUP(G53,Demos!$B$3:$K$1368,5,FALSE),"") -> Foucault Pendulum | O53: =IF(N53="","",COUNTIF($N$6:N2172, N53)) -> 7 | P53: =IFERROR(IF(VLOOKUP(G53,Demos!$B$3:$K$1368,6,FALSE)=0,"",VLOOKUP(G53,Demos!$B$3:$K$1368,6,FALSE)),"") -> N/A | Q53: =IFERROR(IF(VLOOKUP(G53,Demos!$B$3:$K$1368,8,FALSE)=0,"",VLOOKUP(G53,Demos!$B$3:$K$1368,8,FALSE)),"") -> Placed order w Gieterij Neede for cast iron sphere w mass 25 kg dd. 09 May 2014. | R53: =IFERROR(IF(VLOOKUP(G53,Demos!$B$3:$K$1368,7,FALSE)=0,"",VLOOKUP(G53,Demos!$B$3:$K$1368,7,FALSE)),"") -> See Collegerama 2022 recording TN1612TU_22 - https://collegerama.tudelft.nl/Mediasite/Channel/as-bsc-tn/watch/18ed1dabe394424f863782ea19d168bf1d | T53: No (setup malfunctioning) | U53: =IFERROR(VLOOKUP(G53,Demos!$B$7:N5948,12,FALSE),"")
A54: =ROW()-5 -> 49 | B54: TN2421 | C54: =IFERROR(VLOOKUP(B54, Courses!$C$3:$E$836, 2, FALSE),"") -> Optics | D54: =IFERROR(VLOOKUP(MID(G54,1,1), PIRA!$B$1:$E$1146, 2, FALSE),"") -> 6 Optics | E54: =IFERROR(VLOOKUP(MID(G54,1,2),PIRA!$B$1:$E$1144,2,FALSE),"")&" "&IFERROR(VLOOKUP(MID(H54,1,2),PIRA!$B$1:$E$1144,2,FALSE),"")&" "&IFERROR(VLOOKUP(MID(I54,1,2),PIRA!$B$1:$E$1144,2,FALSE),"") -> Geometrical Optics | F54: =IFERROR(VLOOKUP(MID(G54,1,4),PIRA!$B$1:$E$1144,2,FALSE),"")&" "&IFERROR(VLOOKUP(MID(H54,1,4),PIRA!$B$1:$E$1144,2,FALSE),"")&" "&IFERROR(VLOOKUP(MID(I54,1,4),PIRA!$B$1:$E$1144,2,FALSE),"") -> Optical Instruments | G54: 6A70.02 | H54: =IFERROR(IF(VLOOKUP(G54,Demos!$B$3:$K$1368,2,FALSE)=0,"",VLOOKUP(G54,Demos!$B$3:$K$1368,2,FALSE)),"") | I54: =IFERROR(IF(VLOOKUP(G54,Demos!$B$3:$K$1368,3,FALSE)=0,"",VLOOKUP(G54,Demos!$B$3:$K$1368,3,FALSE)),"") | J54: =IFERROR(IF(VLOOKUP(G54,Demos!$B$3:$K$1368,4,FALSE)=0,"",VLOOKUP(G54,Demos!$B$3:$K$1368,4,FALSE)),"") | K54: Aurele Adam | L54: Miriam Menzel | M54: 45378 | N54: =IFERROR(VLOOKUP(G54,Demos!$B$3:$K$1368,5,FALSE),"") -> Keplerian Telescope | O54: =IF(N54="","",COUNTIF($N$6:N2173, N54)) -> 9 | P54: =IFERROR(IF(VLOOKUP(G54,Demos!$B$3:$K$1368,6,FALSE)=0,"",VLOOKUP(G54,Demos!$B$3:$K$1368,6,FALSE)),"") -> N/A | Q54: =IFERROR(IF(VLOOKUP(G54,Demos!$B$3:$K$1368,8,FALSE)=0,"",VLOOKUP(G54,Demos!$B$3:$K$1368,8,FALSE)),"") | R54: =IFERROR(IF(VLOOKUP(G54,Demos!$B$3:$K$1368,7,FALSE)=0,"",VLOOKUP(G54,Demos!$B$3:$K$1368,7,FALSE)),"") -> See Collegerama 26 Mar 2019 recording TN2421_04 from 01:11:00 - https://collegerama.tudelft.nl/Mediasite/Channel/as-bsc-tn/watch/5986b73fc03045928aacec9507916c621d | U54: =IFERROR(VLOOKUP(G54,Demos!$B$7:N5937,12,FALSE),"")
A55: =ROW()-5 -> 50 | B55: TN2421 | C55: =IFERROR(VLOOKUP(B55, Courses!$C$3:$E$836, 2, FALSE),"") -> Optics | D55: =IFERROR(VLOOKUP(MID(G55,1,1), PIRA!$B$1:$E$1146, 2, FALSE),"") -> 6 Optics | E55: =IFERROR(VLOOKUP(MID(G55,1,2),PIRA!$B$1:$E$1144,2,FALSE),"")&" "&IFERROR(VLOOKUP(MID(H55,1,2),PIRA!$B$1:$E$1144,2,FALSE),"")&" "&IFERROR(VLOOKUP(MID(I55,1,2),PIRA!$B$1:$E$1144,2,FALSE),"") -> Geometrical Optics Geometrical Optics Polarisation | F55: =IFERROR(VLOOKUP(MID(G55,1,4),PIRA!$B$1:$E$1144,2,FALSE),"")&" "&IFERROR(VLOOKUP(MID(H55,1,4),PIRA!$B$1:$E$1144,2,FALSE),"")&" "&IFERROR(VLOOKUP(MID(I55,1,4),PIRA!$B$1:$E$1144,2,FALSE),"") -> Refraction at Flat Surfaces Total Internal Reflection Polarization by Reflection | G55: 6A42.01 | H55: =IFERROR(IF(VLOOKUP(G55,Demos!$B$3:$K$1368,2,FALSE)=0,"",VLOOKUP(G55,Demos!$B$3:$K$1368,2,FALSE)),"") -> 6A44.01 | I55: =IFERROR(IF(VLOOKUP(G55,Demos!$B$3:$K$1368,3,FALSE)=0,"",VLOOKUP(G55,Demos!$B$3:$K$1368,3,FALSE)),"") -> 6H20.01 | J55: =IFERROR(IF(VLOOKUP(G55,Demos!$B$3:$K$1368,4,FALSE)=0,"",VLOOKUP(G55,Demos!$B$3:$K$1368,4,FALSE)),"") | K55: Miriam Menzel | L55: Aurele Adam | M55: 45376 | N55: =IFERROR(VLOOKUP(G55,Demos!$B$3:$K$1368,5,FALSE),"") -> Brewser's Angle (3) | O55: =IF(N55="","",COUNTIF($N$6:N2174, N55)) -> 20 | P55: =IFERROR(IF(VLOOKUP(G55,Demos!$B$3:$K$1368,6,FALSE)=0,"",VLOOKUP(G55,Demos!$B$3:$K$1368,6,FALSE)),"") -> www.de-monstrare.nl/pdf/Brewster%27s%20angle%20_3_.pdf | Q55: =IFERROR(IF(VLOOKUP(G55,Demos!$B$3:$K$1368,8,FALSE)=0,"",VLOOKUP(G55,Demos!$B$3:$K$1368,8,FALSE)),"") | R55: =IFERROR(IF(VLOOKUP(G55,Demos!$B$3:$K$1368,7,FALSE)=0,"",VLOOKUP(G55,Demos!$B$3:$K$1368,7,FALSE)),"") | T55: No (lecturer decided not to use demo) | U55: =IFERROR(VLOOKUP(G55,Demos!$B$7:N5938,12,FALSE),"")
A56: =ROW()-5 -> 51 | B56: TN2421 | C56: =IFERROR(VLOOKUP(B56, Courses!$C$3:$E$836, 2, FALSE),"") -> Optics | D56: =IFERROR(VLOOKUP(MID(G56,1,1), PIRA!$B$1:$E$1146, 2, FALSE),"") -> 6 Optics | E56: =IFERROR(VLOOKUP(MID(G56,1,2),PIRA!$B$1:$E$1144,2,FALSE),"")&" "&IFERROR(VLOOKUP(MID(H56,1,2),PIRA!$B$1:$E$1144,2,FALSE),"")&" "&IFERROR(VLOOKUP(MID(I56,1,2),PIRA!$B$1:$E$1144,2,FALSE),"") -> Geometrical Optics | F56: =IFERROR(VLOOKUP(MID(G56,1,4),PIRA!$B$1:$E$1144,2,FALSE),"")&" "&IFERROR(VLOOKUP(MID(H56,1,4),PIRA!$B$1:$E$1144,2,FALSE),"")&" "&IFERROR(VLOOKUP(MID(I56,1,4),PIRA!$B$1:$E$1144,2,FALSE),"") -> Optical Instruments | G56: 6A70.30 | H56: =IFERROR(IF(VLOOKUP(G56,Demos!$B$3:$K$1368,2,FALSE)=0,"",VLOOKUP(G56,Demos!$B$3:$K$1368,2,FALSE)),"") | I56: =IFERROR(IF(VLOOKUP(G56,Demos!$B$3:$K$1368,3,FALSE)=0,"",VLOOKUP(G56,Demos!$B$3:$K$1368,3,FALSE)),"") | J56: =IFERROR(IF(VLOOKUP(G56,Demos!$B$3:$K$1368,4,FALSE)=0,"",VLOOKUP(G56,Demos!$B$3:$K$1368,4,FALSE)),"") | K56: Aurele Adam | L56: Miriam Menzel | M56: 45375 | N56: =IFERROR(VLOOKUP(G56,Demos!$B$3:$K$1368,5,FALSE),"") -> Camera Model | O56: =IF(N56="","",COUNTIF($N$6:N2175, N56)) -> 9 | P56: =IFERROR(IF(VLOOKUP(G56,Demos!$B$3:$K$1368,6,FALSE)=0,"",VLOOKUP(G56,Demos!$B$3:$K$1368,6,FALSE)),"") -> N/A | Q56: =IFERROR(IF(VLOOKUP(G56,Demos!$B$3:$K$1368,8,FALSE)=0,"",VLOOKUP(G56,Demos!$B$3:$K$1368,8,FALSE)),"") -> Ray Optics Demonstration Set (RODS) from Kvant Ltd. | R56: =IFERROR(IF(VLOOKUP(G56,Demos!$B$3:$K$1368,7,FALSE)=0,"",VLOOKUP(G56,Demos!$B$3:$K$1368,7,FALSE)),"") -> See Collegerama 22 Mar 2019 recording TN2421_03 from 01:03:24 - https://collegerama.tudelft.nl/Mediasite/Channel/as-bsc-tn/watch/7c8258fc2522409bbf4ee846f39c1ecc1d | U56: =IFERROR(VLOOKUP(G56,Demos!$B$7:N5940,12,FALSE),"")
A57: =ROW()-5 -> 52 | B57: TN1612TU | C57: =IFERROR(VLOOKUP(B57, Courses!$C$3:$E$836, 2, FALSE),"") -> Mechanics and Theory of Relativity | D57: =IFERROR(VLOOKUP(MID(G57,1,1), PIRA!$B$1:$E$1146, 2, FALSE),"") -> 1 Mechanics | E57: =IFERROR(VLOOKUP(MID(G57,1,2),PIRA!$B$1:$E$1144,2,FALSE),"")&" "&IFERROR(VLOOKUP(MID(H57,1,2),PIRA!$B$1:$E$1144,2,FALSE),"")&" "&IFERROR(VLOOKUP(MID(I57,1,2),PIRA!$B$1:$E$1144,2,FALSE),"") -> Rotational Dynamics Applications of Newton's Laws | F57: =IFERROR(VLOOKUP(MID(G57,1,4),PIRA!$B$1:$E$1144,2,FALSE),"")&" "&IFERROR(VLOOKUP(MID(H57,1,4),PIRA!$B$1:$E$1144,2,FALSE),"")&" "&IFERROR(VLOOKUP(MID(I57,1,4),PIRA!$B$1:$E$1144,2,FALSE),"") -> Conservation of Angular Momentum Dynamic Torque | G57: 1Q40.01 | H57: =IFERROR(IF(VLOOKUP(G57,Demos!$B$3:$K$1368,2,FALSE)=0,"",VLOOKUP(G57,Demos!$B$3:$K$1368,2,FALSE)),"") -> 1K10.01 | I57: =IFERROR(IF(VLOOKUP(G57,Demos!$B$3:$K$1368,3,FALSE)=0,"",VLOOKUP(G57,Demos!$B$3:$K$1368,3,FALSE)),"") | J57: =IFERROR(IF(VLOOKUP(G57,Demos!$B$3:$K$1368,4,FALSE)=0,"",VLOOKUP(G57,Demos!$B$3:$K$1368,4,FALSE)),"") | K57: Bernd Rieger | L57: Rob Mudde | M57: 45374 | N57: =IFERROR(VLOOKUP(G57,Demos!$B$3:$K$1368,5,FALSE),"") -> Pulling a Spool (a.k.a. Oma's Garenklosje) | O57: =IF(N57="","",COUNTIF($N$6:N2176, N57)) -> 33 | P57: =IFERROR(IF(VLOOKUP(G57,Demos!$B$3:$K$1368,6,FALSE)=0,"",VLOOKUP(G57,Demos!$B$3:$K$1368,6,FALSE)),"") -> www.de-monstrare.nl/pdf/Pulling%20a%20spool.pdf | Q57: =IFERROR(IF(VLOOKUP(G57,Demos!$B$3:$K$1368,8,FALSE)=0,"",VLOOKUP(G57,Demos!$B$3:$K$1368,8,FALSE)),"") | R57: =IFERROR(IF(VLOOKUP(G57,Demos!$B$3:$K$1368,7,FALSE)=0,"",VLOOKUP(G57,Demos!$B$3:$K$1368,7,FALSE)),"") -> See Collegerame 2022 recording TN1612TU_19 - https://collegerama.tudelft.nl/Mediasite/Channel/as-bsc-tn/watch/1525734e9e3e40e6a0113a2e79f6fd7b1d | U57: =IFERROR(VLOOKUP(G57,Demos!$B$7:N5951,12,FALSE),"")
A58: =ROW()-5 -> 53 | B58: TN2421 | C58: =IFERROR(VLOOKUP(B58, Courses!$C$3:$E$836, 2, FALSE),"") -> Optics | D58: =IFERROR(VLOOKUP(MID(G58,1,1), PIRA!$B$1:$E$1146, 2, FALSE),"") -> 6 Optics | E58: =IFERROR(VLOOKUP(MID(G58,1,2),PIRA!$B$1:$E$1144,2,FALSE),"")&" "&IFERROR(VLOOKUP(MID(H58,1,2),PIRA!$B$1:$E$1144,2,FALSE),"")&" "&IFERROR(VLOOKUP(MID(I58,1,2),PIRA!$B$1:$E$1144,2,FALSE),"") -> Geometrical Optics | F58: =IFERROR(VLOOKUP(MID(G58,1,4),PIRA!$B$1:$E$1144,2,FALSE),"")&" "&IFERROR(VLOOKUP(MID(H58,1,4),PIRA!$B$1:$E$1144,2,FALSE),"")&" "&IFERROR(VLOOKUP(MID(I58,1,4),PIRA!$B$1:$E$1144,2,FALSE),"") -> Optical Instruments | G58: 6A70.31 | H58: =IFERROR(IF(VLOOKUP(G58,Demos!$B$3:$K$1368,2,FALSE)=0,"",VLOOKUP(G58,Demos!$B$3:$K$1368,2,FALSE)),"") | I58: =IFERROR(IF(VLOOKUP(G58,Demos!$B$3:$K$1368,3,FALSE)=0,"",VLOOKUP(G58,Demos!$B$3:$K$1368,3,FALSE)),"") | J58: =IFERROR(IF(VLOOKUP(G58,Demos!$B$3:$K$1368,4,FALSE)=0,"",VLOOKUP(G58,Demos!$B$3:$K$1368,4,FALSE)),"") | K58: Aurele Adam | L58: Miriam Menzel | M58: 45374 | N58: =IFERROR(VLOOKUP(G58,Demos!$B$3:$K$1368,5,FALSE),"") -> Real and Virtual Image | O58: =IF(N58="","",COUNTIF($N$6:N2177, N58)) -> 3 | P58: =IFERROR(IF(VLOOKUP(G58,Demos!$B$3:$K$1368,6,FALSE)=0,"",VLOOKUP(G58,Demos!$B$3:$K$1368,6,FALSE)),"") -> N/A | Q58: =IFERROR(IF(VLOOKUP(G58,Demos!$B$3:$K$1368,8,FALSE)=0,"",VLOOKUP(G58,Demos!$B$3:$K$1368,8,FALSE)),"") | R58: =IFERROR(IF(VLOOKUP(G58,Demos!$B$3:$K$1368,7,FALSE)=0,"",VLOOKUP(G58,Demos!$B$3:$K$1368,7,FALSE)),"") -> See Collegerama 2019 recording TN2421_04 from 00:46:12 - https://collegerama.tudelft.nl/Mediasite/Channel/as-bsc-tn/watch/5986b73fc03045928aacec9507916c621d | T58: No (lecturer decided not to use demo) | U58: =IFERROR(VLOOKUP(G58,Demos!$B$7:N5898,12,FALSE),"")
A59: =ROW()-5 -> 54 | B59: TN1612TU | C59: =IFERROR(VLOOKUP(B59, Courses!$C$3:$E$836, 2, FALSE),"") -> Mechanics and Theory of Relativity | D59: =IFERROR(VLOOKUP(MID(G59,1,1), PIRA!$B$1:$E$1146, 2, FALSE),"") -> 1 Mechanics | E59: =IFERROR(VLOOKUP(MID(G59,1,2),PIRA!$B$1:$E$1144,2,FALSE),"")&" "&IFERROR(VLOOKUP(MID(H59,1,2),PIRA!$B$1:$E$1144,2,FALSE),"")&" "&IFERROR(VLOOKUP(MID(I59,1,2),PIRA!$B$1:$E$1144,2,FALSE),"") -> Motion in two Dimensions | F59: =IFERROR(VLOOKUP(MID(G59,1,4),PIRA!$B$1:$E$1144,2,FALSE),"")&" "&IFERROR(VLOOKUP(MID(H59,1,4),PIRA!$B$1:$E$1144,2,FALSE),"")&" "&IFERROR(VLOOKUP(MID(I59,1,4),PIRA!$B$1:$E$1144,2,FALSE),"") -> Motion of the Center of Mass | G59: 1D40.02 | H59: =IFERROR(IF(VLOOKUP(G59,Demos!$B$3:$K$1368,2,FALSE)=0,"",VLOOKUP(G59,Demos!$B$3:$K$1368,2,FALSE)),"") | I59: =IFERROR(IF(VLOOKUP(G59,Demos!$B$3:$K$1368,3,FALSE)=0,"",VLOOKUP(G59,Demos!$B$3:$K$1368,3,FALSE)),"") | J59: =IFERROR(IF(VLOOKUP(G59,Demos!$B$3:$K$1368,4,FALSE)=0,"",VLOOKUP(G59,Demos!$B$3:$K$1368,4,FALSE)),"") | K59: Bernd Rieger | L59: Rob Mudde | M59: 45372 | N59: =IFERROR(VLOOKUP(G59,Demos!$B$3:$K$1368,5,FALSE),"") -> Centre of Rotation | O59: =IF(N59="","",COUNTIF($N$6:N2178, N59)) -> 10 | P59: =IFERROR(IF(VLOOKUP(G59,Demos!$B$3:$K$1368,6,FALSE)=0,"",VLOOKUP(G59,Demos!$B$3:$K$1368,6,FALSE)),"") -> www.de-monstrare.nl/pdf/Centre%20of%20ratation.pdf | Q59: =IFERROR(IF(VLOOKUP(G59,Demos!$B$3:$K$1368,8,FALSE)=0,"",VLOOKUP(G59,Demos!$B$3:$K$1368,8,FALSE)),"") | R59: =IFERROR(IF(VLOOKUP(G59,Demos!$B$3:$K$1368,7,FALSE)=0,"",VLOOKUP(G59,Demos!$B$3:$K$1368,7,FALSE)),"") -> See Collegerama 2022 recording TN1612TU_18 - https://collegerama.tudelft.nl/Mediasite/Channel/as-bsc-tn/watch/30a014274f6a49bfbd89af1bd43cc8f31d | U59: =IFERROR(VLOOKUP(G59,Demos!$B$7:N5956,12,FALSE),"")
A60: =ROW()-5 -> 55 | B60: TN1612TU | C60: =IFERROR(VLOOKUP(B60, Courses!$C$3:$E$836, 2, FALSE),"") -> Mechanics and Theory of Relativity | D60: =IFERROR(VLOOKUP(MID(G60,1,1), PIRA!$B$1:$E$1146, 2, FALSE),"") -> 1 Mechanics | E60: =IFERROR(VLOOKUP(MID(G60,1,2),PIRA!$B$1:$E$1144,2,FALSE),"")&" "&IFERROR(VLOOKUP(MID(H60,1,2),PIRA!$B$1:$E$1144,2,FALSE),"")&" "&IFERROR(VLOOKUP(MID(I60,1,2),PIRA!$B$1:$E$1144,2,FALSE),"") -> Rotational Dynamics | F60: =IFERROR(VLOOKUP(MID(G60,1,4),PIRA!$B$1:$E$1144,2,FALSE),"")&" "&IFERROR(VLOOKUP(MID(H60,1,4),PIRA!$B$1:$E$1144,2,FALSE),"")&" "&IFERROR(VLOOKUP(MID(I60,1,4),PIRA!$B$1:$E$1144,2,FALSE),"") -> Gyros | G60: 1Q50.04 | H60: =IFERROR(IF(VLOOKUP(G60,Demos!$B$3:$K$1368,2,FALSE)=0,"",VLOOKUP(G60,Demos!$B$3:$K$1368,2,FALSE)),"") | I60: =IFERROR(IF(VLOOKUP(G60,Demos!$B$3:$K$1368,3,FALSE)=0,"",VLOOKUP(G60,Demos!$B$3:$K$1368,3,FALSE)),"") | J60: =IFERROR(IF(VLOOKUP(G60,Demos!$B$3:$K$1368,4,FALSE)=0,"",VLOOKUP(G60,Demos!$B$3:$K$1368,4,FALSE)),"") | K60: Bernd Rieger | L60: Rob Mudde | M60: 45372 | N60: =IFERROR(VLOOKUP(G60,Demos!$B$3:$K$1368,5,FALSE),"") -> Precession (2) | O60: =IF(N60="","",COUNTIF($N$6:N2179, N60)) -> 63 | P60: =IFERROR(IF(VLOOKUP(G60,Demos!$B$3:$K$1368,6,FALSE)=0,"",VLOOKUP(G60,Demos!$B$3:$K$1368,6,FALSE)),"") -> www.de-monstrare.nl/pdf/Precession%20_2_.pdf | Q60: =IFERROR(IF(VLOOKUP(G60,Demos!$B$3:$K$1368,8,FALSE)=0,"",VLOOKUP(G60,Demos!$B$3:$K$1368,8,FALSE)),"") | R60: =IFERROR(IF(VLOOKUP(G60,Demos!$B$3:$K$1368,7,FALSE)=0,"",VLOOKUP(G60,Demos!$B$3:$K$1368,7,FALSE)),"") | U60: =IFERROR(VLOOKUP(G60,Demos!$B$7:N5954,12,FALSE),"")
A61: =ROW()-5 -> 56 | B61: TN1612TU | C61: =IFERROR(VLOOKUP(B61, Courses!$C$3:$E$836, 2, FALSE),"") -> Mechanics and Theory of Relativity | D61: =IFERROR(VLOOKUP(MID(G61,1,1), PIRA!$B$1:$E$1146, 2, FALSE),"") -> 1 Mechanics | E61: =IFERROR(VLOOKUP(MID(G61,1,2),PIRA!$B$1:$E$1144,2,FALSE),"")&" "&IFERROR(VLOOKUP(MID(H61,1,2),PIRA!$B$1:$E$1144,2,FALSE),"")&" "&IFERROR(VLOOKUP(MID(I61,1,2),PIRA!$B$1:$E$1144,2,FALSE),"") -> Rotational Dynamics | F61: =IFERROR(VLOOKUP(MID(G61,1,4),PIRA!$B$1:$E$1144,2,FALSE),"")&" "&IFERROR(VLOOKUP(MID(H61,1,4),PIRA!$B$1:$E$1144,2,FALSE),"")&" "&IFERROR(VLOOKUP(MID(I61,1,4),PIRA!$B$1:$E$1144,2,FALSE),"") -> Gyros | G61: 1Q50.20 | H61: =IFERROR(IF(VLOOKUP(G61,Demos!$B$3:$K$1368,2,FALSE)=0,"",VLOOKUP(G61,Demos!$B$3:$K$1368,2,FALSE)),"") | I61: =IFERROR(IF(VLOOKUP(G61,Demos!$B$3:$K$1368,3,FALSE)=0,"",VLOOKUP(G61,Demos!$B$3:$K$1368,3,FALSE)),"") | J61: =IFERROR(IF(VLOOKUP(G61,Demos!$B$3:$K$1368,4,FALSE)=0,"",VLOOKUP(G61,Demos!$B$3:$K$1368,4,FALSE)),"") | K61: Bernd Rieger | L61: Rob Mudde | M61: 45372 | N61: =IFERROR(VLOOKUP(G61,Demos!$B$3:$K$1368,5,FALSE),"") -> Gyroscope | O61: =IF(N61="","",COUNTIF($N$6:N2180, N61)) -> 36 | P61: =IFERROR(IF(VLOOKUP(G61,Demos!$B$3:$K$1368,6,FALSE)=0,"",VLOOKUP(G61,Demos!$B$3:$K$1368,6,FALSE)),"") -> N/A | Q61: =IFERROR(IF(VLOOKUP(G61,Demos!$B$3:$K$1368,8,FALSE)=0,"",VLOOKUP(G61,Demos!$B$3:$K$1368,8,FALSE)),"") | R61: =IFERROR(IF(VLOOKUP(G61,Demos!$B$3:$K$1368,7,FALSE)=0,"",VLOOKUP(G61,Demos!$B$3:$K$1368,7,FALSE)),"") | T61: No (lecturer forgot) | U61: =IFERROR(VLOOKUP(G61,Demos!$B$7:N5955,12,FALSE),"")
A62: =ROW()-5 -> 57 | B62: TN1612TU | C62: =IFERROR(VLOOKUP(B62, Courses!$C$3:$E$836, 2, FALSE),"") -> Mechanics and Theory of Relativity | D62: =IFERROR(VLOOKUP(MID(G62,1,1), PIRA!$B$1:$E$1146, 2, FALSE),"") -> 1 Mechanics | E62: =IFERROR(VLOOKUP(MID(G62,1,2),PIRA!$B$1:$E$1144,2,FALSE),"")&" "&IFERROR(VLOOKUP(MID(H62,1,2),PIRA!$B$1:$E$1144,2,FALSE),"")&" "&IFERROR(VLOOKUP(MID(I62,1,2),PIRA!$B$1:$E$1144,2,FALSE),"") -> Rotational Dynamics | F62: =IFERROR(VLOOKUP(MID(G62,1,4),PIRA!$B$1:$E$1144,2,FALSE),"")&" "&IFERROR(VLOOKUP(MID(H62,1,4),PIRA!$B$1:$E$1144,2,FALSE),"")&" "&IFERROR(VLOOKUP(MID(I62,1,4),PIRA!$B$1:$E$1144,2,FALSE),"") -> Gyros | G62: 1Q50.40 | H62: =IFERROR(IF(VLOOKUP(G62,Demos!$B$3:$K$1368,2,FALSE)=0,"",VLOOKUP(G62,Demos!$B$3:$K$1368,2,FALSE)),"") | I62: =IFERROR(IF(VLOOKUP(G62,Demos!$B$3:$K$1368,3,FALSE)=0,"",VLOOKUP(G62,Demos!$B$3:$K$1368,3,FALSE)),"") | J62: =IFERROR(IF(VLOOKUP(G62,Demos!$B$3:$K$1368,4,FALSE)=0,"",VLOOKUP(G62,Demos!$B$3:$K$1368,4,FALSE)),"") | K62: Bernd Rieger | L62: Rob Mudde | M62: 45372 | N62: =IFERROR(VLOOKUP(G62,Demos!$B$3:$K$1368,5,FALSE),"") -> Suitcase with Flywheel | O62: =IF(N62="","",COUNTIF($N$6:N2181, N62)) -> 24 | P62: =IFERROR(IF(VLOOKUP(G62,Demos!$B$3:$K$1368,6,FALSE)=0,"",VLOOKUP(G62,Demos!$B$3:$K$1368,6,FALSE)),"") -> N/A | Q62: =IFERROR(IF(VLOOKUP(G62,Demos!$B$3:$K$1368,8,FALSE)=0,"",VLOOKUP(G62,Demos!$B$3:$K$1368,8,FALSE)),"") | R62: =IFERROR(IF(VLOOKUP(G62,Demos!$B$3:$K$1368,7,FALSE)=0,"",VLOOKUP(G62,Demos!$B$3:$K$1368,7,FALSE)),"") -> See Collegerama 2022 recording TN1612TU_20 - https://collegerama.tudelft.nl/Mediasite/Channel/as-bsc-tn/watch/1a0c74c4eaf54cb7aa9b646d254fee821d | T62: No (lecturer forgot) | U62: =IFERROR(VLOOKUP(G62,Demos!$B$7:N5953,12,FALSE),"")
A63: =ROW()-5 -> 58 | B63: TN1612TU | C63: =IFERROR(VLOOKUP(B63, Courses!$C$3:$E$836, 2, FALSE),"") -> Mechanics and Theory of Relativity | D63: =IFERROR(VLOOKUP(MID(G63,1,1), PIRA!$B$1:$E$1146, 2, FALSE),"") -> 1 Mechanics | E63: =IFERROR(VLOOKUP(MID(G63,1,2),PIRA!$B$1:$E$1144,2,FALSE),"")&" "&IFERROR(VLOOKUP(MID(H63,1,2),PIRA!$B$1:$E$1144,2,FALSE),"")&" "&IFERROR(VLOOKUP(MID(I63,1,2),PIRA!$B$1:$E$1144,2,FALSE),"") -> Rotational Dynamics Rotational Dynamics | F63: =IFERROR(VLOOKUP(MID(G63,1,4),PIRA!$B$1:$E$1144,2,FALSE),"")&" "&IFERROR(VLOOKUP(MID(H63,1,4),PIRA!$B$1:$E$1144,2,FALSE),"")&" "&IFERROR(VLOOKUP(MID(I63,1,4),PIRA!$B$1:$E$1144,2,FALSE),"") -> Rotational Energy Moment of Inertia | G63: 1Q20.04 | H63: =IFERROR(IF(VLOOKUP(G63,Demos!$B$3:$K$1368,2,FALSE)=0,"",VLOOKUP(G63,Demos!$B$3:$K$1368,2,FALSE)),"") -> 1Q10.02 | I63: =IFERROR(IF(VLOOKUP(G63,Demos!$B$3:$K$1368,3,FALSE)=0,"",VLOOKUP(G63,Demos!$B$3:$K$1368,3,FALSE)),"") | J63: =IFERROR(IF(VLOOKUP(G63,Demos!$B$3:$K$1368,4,FALSE)=0,"",VLOOKUP(G63,Demos!$B$3:$K$1368,4,FALSE)),"") | K63: Rob Mudde | L63: Bernd Rieger | M63: 45371 | N63: =IFERROR(VLOOKUP(G63,Demos!$B$3:$K$1368,5,FALSE),"") -> Rolling Downhill | O63: =IF(N63="","",COUNTIF($N$6:N2182, N63)) -> 31 | P63: =IFERROR(IF(VLOOKUP(G63,Demos!$B$3:$K$1368,6,FALSE)=0,"",VLOOKUP(G63,Demos!$B$3:$K$1368,6,FALSE)),"") -> www.de-monstrare.nl/pdf/Rolling%20downhill.pdf | Q63: =IFERROR(IF(VLOOKUP(G63,Demos!$B$3:$K$1368,8,FALSE)=0,"",VLOOKUP(G63,Demos!$B$3:$K$1368,8,FALSE)),"") -> Performed demonstration, whilst asking students the outcome and whether mass or radius matters. Independence of mass can be understood by considering Gallileo's tower of Pisa experiment. Accelerating the CM is the same for all objects. However, the kinetic energy is not just the acc of the CM, but also the rotational energy. I started with m1, m2 and m3. Then I demonstrated that the race is independent of mass (m2 and m4). Subsequently I demonstrated that it is also independent of radius (m2 and m5). The last was the most extreme one where I used a basketball and a ping-pong ball. | R63: =IFERROR(IF(VLOOKUP(G63,Demos!$B$3:$K$1368,7,FALSE)=0,"",VLOOKUP(G63,Demos!$B$3:$K$1368,7,FALSE)),"") -> See Collegerama 2022 recording TN1612TU_17 - https://collegerama.tudelft.nl/Mediasite/Channel/as-bsc-tn/watch/068318bc5e2d4c908ecc56ce056d99d81d | U63: =IFERROR(VLOOKUP(G63,Demos!$B$7:N5958,12,FALSE),"")
A64: =ROW()-5 -> 59 | B64: TN1612TU | C64: =IFERROR(VLOOKUP(B64, Courses!$C$3:$E$836, 2, FALSE),"") -> Mechanics and Theory of Relativity | D64: =IFERROR(VLOOKUP(MID(G64,1,1), PIRA!$B$1:$E$1146, 2, FALSE),"") -> 1 Mechanics | E64: =IFERROR(VLOOKUP(MID(G64,1,2),PIRA!$B$1:$E$1144,2,FALSE),"")&" "&IFERROR(VLOOKUP(MID(H64,1,2),PIRA!$B$1:$E$1144,2,FALSE),"")&" "&IFERROR(VLOOKUP(MID(I64,1,2),PIRA!$B$1:$E$1144,2,FALSE),"") -> Rotational Dynamics Rotational Dynamics | F64: =IFERROR(VLOOKUP(MID(G64,1,4),PIRA!$B$1:$E$1144,2,FALSE),"")&" "&IFERROR(VLOOKUP(MID(H64,1,4),PIRA!$B$1:$E$1144,2,FALSE),"")&" "&IFERROR(VLOOKUP(MID(I64,1,4),PIRA!$B$1:$E$1144,2,FALSE),"") -> Conservation of Angular Momentum Moment of Inertia | G64: 1Q40.03 | H64: =IFERROR(IF(VLOOKUP(G64,Demos!$B$3:$K$1368,2,FALSE)=0,"",VLOOKUP(G64,Demos!$B$3:$K$1368,2,FALSE)),"") -> 1Q10.XX | I64: =IFERROR(IF(VLOOKUP(G64,Demos!$B$3:$K$1368,3,FALSE)=0,"",VLOOKUP(G64,Demos!$B$3:$K$1368,3,FALSE)),"") | J64: =IFERROR(IF(VLOOKUP(G64,Demos!$B$3:$K$1368,4,FALSE)=0,"",VLOOKUP(G64,Demos!$B$3:$K$1368,4,FALSE)),"") | K64: Rob Mudde | L64: Bernd Rieger | M64: 45371 | N64: =IFERROR(VLOOKUP(G64,Demos!$B$3:$K$1368,5,FALSE),"") -> Matchbox and Wineglass | O64: =IF(N64="","",COUNTIF($N$6:N2183, N64)) -> 36 | P64: =IFERROR(IF(VLOOKUP(G64,Demos!$B$3:$K$1368,6,FALSE)=0,"",VLOOKUP(G64,Demos!$B$3:$K$1368,6,FALSE)),"") -> www.de-monstrare.nl/pdf/Matchbox%20and%20wineglass.pdf | Q64: =IFERROR(IF(VLOOKUP(G64,Demos!$B$3:$K$1368,8,FALSE)=0,"",VLOOKUP(G64,Demos!$B$3:$K$1368,8,FALSE)),"") | R64: =IFERROR(IF(VLOOKUP(G64,Demos!$B$3:$K$1368,7,FALSE)=0,"",VLOOKUP(G64,Demos!$B$3:$K$1368,7,FALSE)),"") -> See Collegerama 2022 recording TN1612TU_17 from about 40 minutes - https://collegerama.tudelft.nl/Mediasite/Channel/as-bsc-tn/watch/068318bc5e2d4c908ecc56ce056d99d81d | U64: =IFERROR(VLOOKUP(G64,Demos!$B$7:N5959,12,FALSE),"")
A65: =ROW()-5 -> 60 | B65: TN1612TU | C65: =IFERROR(VLOOKUP(B65, Courses!$C$3:$E$836, 2, FALSE),"") -> Mechanics and Theory of Relativity | D65: =IFERROR(VLOOKUP(MID(G65,1,1), PIRA!$B$1:$E$1146, 2, FALSE),"") -> 1 Mechanics | E65: =IFERROR(VLOOKUP(MID(G65,1,2),PIRA!$B$1:$E$1144,2,FALSE),"")&" "&IFERROR(VLOOKUP(MID(H65,1,2),PIRA!$B$1:$E$1144,2,FALSE),"")&" "&IFERROR(VLOOKUP(MID(I65,1,2),PIRA!$B$1:$E$1144,2,FALSE),"") -> Rotational Dynamics | F65: =IFERROR(VLOOKUP(MID(G65,1,4),PIRA!$B$1:$E$1144,2,FALSE),"")&" "&IFERROR(VLOOKUP(MID(H65,1,4),PIRA!$B$1:$E$1144,2,FALSE),"")&" "&IFERROR(VLOOKUP(MID(I65,1,4),PIRA!$B$1:$E$1144,2,FALSE),"") -> Conservation of Angular Momentum | G65: 1Q40.40 | H65: =IFERROR(IF(VLOOKUP(G65,Demos!$B$3:$K$1368,2,FALSE)=0,"",VLOOKUP(G65,Demos!$B$3:$K$1368,2,FALSE)),"") | I65: =IFERROR(IF(VLOOKUP(G65,Demos!$B$3:$K$1368,3,FALSE)=0,"",VLOOKUP(G65,Demos!$B$3:$K$1368,3,FALSE)),"") | J65: =IFERROR(IF(VLOOKUP(G65,Demos!$B$3:$K$1368,4,FALSE)=0,"",VLOOKUP(G65,Demos!$B$3:$K$1368,4,FALSE)),"") | K65: Rob Mudde | L65: Bernd Rieger | M65: 45371 | N65: =IFERROR(VLOOKUP(G65,Demos!$B$3:$K$1368,5,FALSE),"") -> Train and Track | O65: =IF(N65="","",COUNTIF($N$6:N2184, N65)) -> 25 | P65: =IFERROR(IF(VLOOKUP(G65,Demos!$B$3:$K$1368,6,FALSE)=0,"",VLOOKUP(G65,Demos!$B$3:$K$1368,6,FALSE)),"") -> www.de-monstrare.nl/pdf/Train%20and%20track.pdf | Q65: =IFERROR(IF(VLOOKUP(G65,Demos!$B$3:$K$1368,8,FALSE)=0,"",VLOOKUP(G65,Demos!$B$3:$K$1368,8,FALSE)),"") | R65: =IFERROR(IF(VLOOKUP(G65,Demos!$B$3:$K$1368,7,FALSE)=0,"",VLOOKUP(G65,Demos!$B$3:$K$1368,7,FALSE)),"") -> See Collegerama 2022 recording TN1612TU_17 - https://collegerama.tudelft.nl/Mediasite/Channel/as-bsc-tn/watch/068318bc5e2d4c908ecc56ce056d99d81d | U65: =IFERROR(VLOOKUP(G65,Demos!$B$7:N5957,12,FALSE),"")
A66: =ROW()-5 -> 61 | B66: TN1612TU | C66: =IFERROR(VLOOKUP(B66, Courses!$C$3:$E$836, 2, FALSE),"") -> Mechanics and Theory of Relativity | D66: =IFERROR(VLOOKUP(MID(G66,1,1), PIRA!$B$1:$E$1146, 2, FALSE),"") -> 1 Mechanics | E66: =IFERROR(VLOOKUP(MID(G66,1,2),PIRA!$B$1:$E$1144,2,FALSE),"")&" "&IFERROR(VLOOKUP(MID(H66,1,2),PIRA!$B$1:$E$1144,2,FALSE),"")&" "&IFERROR(VLOOKUP(MID(I66,1,2),PIRA!$B$1:$E$1144,2,FALSE),"") -> Rotational Dynamics | F66: =IFERROR(VLOOKUP(MID(G66,1,4),PIRA!$B$1:$E$1144,2,FALSE),"")&" "&IFERROR(VLOOKUP(MID(H66,1,4),PIRA!$B$1:$E$1144,2,FALSE),"")&" "&IFERROR(VLOOKUP(MID(I66,1,4),PIRA!$B$1:$E$1144,2,FALSE),"") -> Rotational Stability | G66: 1Q60.01 | H66: =IFERROR(IF(VLOOKUP(G66,Demos!$B$3:$K$1368,2,FALSE)=0,"",VLOOKUP(G66,Demos!$B$3:$K$1368,2,FALSE)),"") | I66: =IFERROR(IF(VLOOKUP(G66,Demos!$B$3:$K$1368,3,FALSE)=0,"",VLOOKUP(G66,Demos!$B$3:$K$1368,3,FALSE)),"") | J66: =IFERROR(IF(VLOOKUP(G66,Demos!$B$3:$K$1368,4,FALSE)=0,"",VLOOKUP(G66,Demos!$B$3:$K$1368,4,FALSE)),"") | K66: Bernd Rieger | L66: Rob Mudde | M66: 45369 | N66: =IFERROR(VLOOKUP(G66,Demos!$B$3:$K$1368,5,FALSE),"") -> Stable Wheel | O66: =IF(N66="","",COUNTIF($N$6:N2185, N66)) -> 14 | P66: =IFERROR(IF(VLOOKUP(G66,Demos!$B$3:$K$1368,6,FALSE)=0,"",VLOOKUP(G66,Demos!$B$3:$K$1368,6,FALSE)),"") -> www.de-monstrare.nl/pdf/Stable%20wheel.pdf | Q66: =IFERROR(IF(VLOOKUP(G66,Demos!$B$3:$K$1368,8,FALSE)=0,"",VLOOKUP(G66,Demos!$B$3:$K$1368,8,FALSE)),"") | R66: =IFERROR(IF(VLOOKUP(G66,Demos!$B$3:$K$1368,7,FALSE)=0,"",VLOOKUP(G66,Demos!$B$3:$K$1368,7,FALSE)),"") -> See Collegerama 2022 recording TN1612TU_20 - https://collegerama.tudelft.nl/Mediasite/Channel/as-bsc-tn/watch/1a0c74c4eaf54cb7aa9b646d254fee821d | U66: =IFERROR(VLOOKUP(G66,Demos!$B$7:N5950,12,FALSE),"")
A67: =ROW()-5 -> 62 | B67: TN1612TU | C67: =IFERROR(VLOOKUP(B67, Courses!$C$3:$E$836, 2, FALSE),"") -> Mechanics and Theory of Relativity | D67: =IFERROR(VLOOKUP(MID(G67,1,1), PIRA!$B$1:$E$1146, 2, FALSE),"") -> 1 Mechanics | E67: =IFERROR(VLOOKUP(MID(G67,1,2),PIRA!$B$1:$E$1144,2,FALSE),"")&" "&IFERROR(VLOOKUP(MID(H67,1,2),PIRA!$B$1:$E$1144,2,FALSE),"")&" "&IFERROR(VLOOKUP(MID(I67,1,2),PIRA!$B$1:$E$1144,2,FALSE),"") -> Rotational Dynamics Rotational Dynamics | F67: =IFERROR(VLOOKUP(MID(G67,1,4),PIRA!$B$1:$E$1144,2,FALSE),"")&" "&IFERROR(VLOOKUP(MID(H67,1,4),PIRA!$B$1:$E$1144,2,FALSE),"")&" "&IFERROR(VLOOKUP(MID(I67,1,4),PIRA!$B$1:$E$1144,2,FALSE),"") -> Rotational Stability Conservation of Angular Momentum | G67: 1Q60.30 | H67: =IFERROR(IF(VLOOKUP(G67,Demos!$B$3:$K$1368,2,FALSE)=0,"",VLOOKUP(G67,Demos!$B$3:$K$1368,2,FALSE)),"") -> 1Q40.12 | I67: =IFERROR(IF(VLOOKUP(G67,Demos!$B$3:$K$1368,3,FALSE)=0,"",VLOOKUP(G67,Demos!$B$3:$K$1368,3,FALSE)),"") | J67: =IFERROR(IF(VLOOKUP(G67,Demos!$B$3:$K$1368,4,FALSE)=0,"",VLOOKUP(G67,Demos!$B$3:$K$1368,4,FALSE)),"") | K67: Bernd Rieger | L67: Rob Mudde | M67: 45369 | N67: =IFERROR(VLOOKUP(G67,Demos!$B$3:$K$1368,5,FALSE),"") -> Tippe Top | O67: =IF(N67="","",COUNTIF($N$6:N2186, N67)) -> 26 | P67: =IFERROR(IF(VLOOKUP(G67,Demos!$B$3:$K$1368,6,FALSE)=0,"",VLOOKUP(G67,Demos!$B$3:$K$1368,6,FALSE)),"") -> www.de-monstrare.nl/pdf/Tippe%20top.pdf | Q67: =IFERROR(IF(VLOOKUP(G67,Demos!$B$3:$K$1368,8,FALSE)=0,"",VLOOKUP(G67,Demos!$B$3:$K$1368,8,FALSE)),"") | R67: =IFERROR(IF(VLOOKUP(G67,Demos!$B$3:$K$1368,7,FALSE)=0,"",VLOOKUP(G67,Demos!$B$3:$K$1368,7,FALSE)),"") -> See Collegerama 2022 recording TN1612TU_20 - https://collegerama.tudelft.nl/Mediasite/Channel/as-bsc-tn/watch/1a0c74c4eaf54cb7aa9b646d254fee821d | U67: =IFERROR(VLOOKUP(G67,Demos!$B$7:N5949,12,FALSE),"")
A68: =ROW()-5 -> 63 | B68: Open Days | C68: =IFERROR(VLOOKUP(B68, Courses!$C$3:$E$836, 2, FALSE),"") -> Open Days | D68: =IFERROR(VLOOKUP(MID(G68,1,1), PIRA!$B$1:$E$1146, 2, FALSE),"") -> 1 Mechanics | E68: =IFERROR(VLOOKUP(MID(G68,1,2),PIRA!$B$1:$E$1144,2,FALSE),"")&" "&IFERROR(VLOOKUP(MID(H68,1,2),PIRA!$B$1:$E$1144,2,FALSE),"")&" "&IFERROR(VLOOKUP(MID(I68,1,2),PIRA!$B$1:$E$1144,2,FALSE),"") -> Work and Energy Motion in one Dimension | F68: =IFERROR(VLOOKUP(MID(G68,1,4),PIRA!$B$1:$E$1144,2,FALSE),"")&" "&IFERROR(VLOOKUP(MID(H68,1,4),PIRA!$B$1:$E$1144,2,FALSE),"")&" "&IFERROR(VLOOKUP(MID(I68,1,4),PIRA!$B$1:$E$1144,2,FALSE),"") -> Conservation of Energy Velocity | G68: 1M40.41 | H68: =IFERROR(IF(VLOOKUP(G68,Demos!$B$3:$K$1368,2,FALSE)=0,"",VLOOKUP(G68,Demos!$B$3:$K$1368,2,FALSE)),"") -> 1C10.01 | I68: =IFERROR(IF(VLOOKUP(G68,Demos!$B$3:$K$1368,3,FALSE)=0,"",VLOOKUP(G68,Demos!$B$3:$K$1368,3,FALSE)),"") | J68: =IFERROR(IF(VLOOKUP(G68,Demos!$B$3:$K$1368,4,FALSE)=0,"",VLOOKUP(G68,Demos!$B$3:$K$1368,4,FALSE)),"") | K68: Ron Haaksman | M68: 45367 | N68: =IFERROR(VLOOKUP(G68,Demos!$B$3:$K$1368,5,FALSE),"") -> Ballistic Pendulum | O68: =IF(N68="","",COUNTIF($N$6:N2187, N68)) -> 24 | P68: =IFERROR(IF(VLOOKUP(G68,Demos!$B$3:$K$1368,6,FALSE)=0,"",VLOOKUP(G68,Demos!$B$3:$K$1368,6,FALSE)),"") -> N/A | Q68: =IFERROR(IF(VLOOKUP(G68,Demos!$B$3:$K$1368,8,FALSE)=0,"",VLOOKUP(G68,Demos!$B$3:$K$1368,8,FALSE)),"") | R68: =IFERROR(IF(VLOOKUP(G68,Demos!$B$3:$K$1368,7,FALSE)=0,"",VLOOKUP(G68,Demos!$B$3:$K$1368,7,FALSE)),"") | U68: =IFERROR(VLOOKUP(G68,Demos!$B$7:N5960,12,FALSE),"")
A69: =ROW()-5 -> 64 | B69: Open Days | C69: =IFERROR(VLOOKUP(B69, Courses!$C$3:$E$836, 2, FALSE),"") -> Open Days | D69: =IFERROR(VLOOKUP(MID(G69,1,1), PIRA!$B$1:$E$1146, 2, FALSE),"") -> 1 Mechanics | E69: =IFERROR(VLOOKUP(MID(G69,1,2),PIRA!$B$1:$E$1144,2,FALSE),"")&" "&IFERROR(VLOOKUP(MID(H69,1,2),PIRA!$B$1:$E$1144,2,FALSE),"")&" "&IFERROR(VLOOKUP(MID(I69,1,2),PIRA!$B$1:$E$1144,2,FALSE),"") -> Linear Momentum and Collisions | F69: =IFERROR(VLOOKUP(MID(G69,1,4),PIRA!$B$1:$E$1144,2,FALSE),"")&" "&IFERROR(VLOOKUP(MID(H69,1,4),PIRA!$B$1:$E$1144,2,FALSE),"")&" "&IFERROR(VLOOKUP(MID(I69,1,4),PIRA!$B$1:$E$1144,2,FALSE),"") -> Conservation of Linear Momentum | G69: 1N20.01 | H69: =IFERROR(IF(VLOOKUP(G69,Demos!$B$3:$K$1368,2,FALSE)=0,"",VLOOKUP(G69,Demos!$B$3:$K$1368,2,FALSE)),"") | I69: =IFERROR(IF(VLOOKUP(G69,Demos!$B$3:$K$1368,3,FALSE)=0,"",VLOOKUP(G69,Demos!$B$3:$K$1368,3,FALSE)),"") | J69: =IFERROR(IF(VLOOKUP(G69,Demos!$B$3:$K$1368,4,FALSE)=0,"",VLOOKUP(G69,Demos!$B$3:$K$1368,4,FALSE)),"") | K69: Peter Steeneken | M69: 45367 | N69: =IFERROR(VLOOKUP(G69,Demos!$B$3:$K$1368,5,FALSE),"") -> Elastic Collisions | O69: =IF(N69="","",COUNTIF($N$6:N2188, N69)) -> 14 | P69: =IFERROR(IF(VLOOKUP(G69,Demos!$B$3:$K$1368,6,FALSE)=0,"",VLOOKUP(G69,Demos!$B$3:$K$1368,6,FALSE)),"") -> www.de-monstrare.nl/pdf/Elastic%20collisions.pdf | Q69: =IFERROR(IF(VLOOKUP(G69,Demos!$B$3:$K$1368,8,FALSE)=0,"",VLOOKUP(G69,Demos!$B$3:$K$1368,8,FALSE)),"") | R69: =IFERROR(IF(VLOOKUP(G69,Demos!$B$3:$K$1368,7,FALSE)=0,"",VLOOKUP(G69,Demos!$B$3:$K$1368,7,FALSE)),"") | U69: =IFERROR(VLOOKUP(G69,Demos!$B$7:N5885,12,FALSE),"")
A70: =ROW()-5 -> 65 | B70: Open Days | C70: =IFERROR(VLOOKUP(B70, Courses!$C$3:$E$836, 2, FALSE),"") -> Open Days | D70: =IFERROR(VLOOKUP(MID(G70,1,1), PIRA!$B$1:$E$1146, 2, FALSE),"") -> 1 Mechanics | E70: =IFERROR(VLOOKUP(MID(G70,1,2),PIRA!$B$1:$E$1144,2,FALSE),"")&" "&IFERROR(VLOOKUP(MID(H70,1,2),PIRA!$B$1:$E$1144,2,FALSE),"")&" "&IFERROR(VLOOKUP(MID(I70,1,2),PIRA!$B$1:$E$1144,2,FALSE),"") -> Linear Momentum and Collisions | F70: =IFERROR(VLOOKUP(MID(G70,1,4),PIRA!$B$1:$E$1144,2,FALSE),"")&" "&IFERROR(VLOOKUP(MID(H70,1,4),PIRA!$B$1:$E$1144,2,FALSE),"")&" "&IFERROR(VLOOKUP(MID(I70,1,4),PIRA!$B$1:$E$1144,2,FALSE),"") -> Conservation of Linear Momentum | G70: 1N20.02 | H70: =IFERROR(IF(VLOOKUP(G70,Demos!$B$3:$K$1368,2,FALSE)=0,"",VLOOKUP(G70,Demos!$B$3:$K$1368,2,FALSE)),"") | I70: =IFERROR(IF(VLOOKUP(G70,Demos!$B$3:$K$1368,3,FALSE)=0,"",VLOOKUP(G70,Demos!$B$3:$K$1368,3,FALSE)),"") | J70: =IFERROR(IF(VLOOKUP(G70,Demos!$B$3:$K$1368,4,FALSE)=0,"",VLOOKUP(G70,Demos!$B$3:$K$1368,4,FALSE)),"") | K70: Peter Steeneken | M70: 45367 | N70: =IFERROR(VLOOKUP(G70,Demos!$B$3:$K$1368,5,FALSE),"") -> Inelastic Collisions | O70: =IF(N70="","",COUNTIF($N$6:N2189, N70)) -> 14 | P70: =IFERROR(IF(VLOOKUP(G70,Demos!$B$3:$K$1368,6,FALSE)=0,"",VLOOKUP(G70,Demos!$B$3:$K$1368,6,FALSE)),"") -> www.de-monstrare.nl/pdf/Inelastic%20collisions.pdf | Q70: =IFERROR(IF(VLOOKUP(G70,Demos!$B$3:$K$1368,8,FALSE)=0,"",VLOOKUP(G70,Demos!$B$3:$K$1368,8,FALSE)),"") | R70: =IFERROR(IF(VLOOKUP(G70,Demos!$B$3:$K$1368,7,FALSE)=0,"",VLOOKUP(G70,Demos!$B$3:$K$1368,7,FALSE)),"") | U70: =IFERROR(VLOOKUP(G70,Demos!$B$7:N5883,12,FALSE),"")
A71: =ROW()-5 -> 66 | B71: Open Days | C71: =IFERROR(VLOOKUP(B71, Courses!$C$3:$E$836, 2, FALSE),"") -> Open Days | D71: =IFERROR(VLOOKUP(MID(G71,1,1), PIRA!$B$1:$E$1146, 2, FALSE),"") -> 1 Mechanics | E71: =IFERROR(VLOOKUP(MID(G71,1,2),PIRA!$B$1:$E$1144,2,FALSE),"")&" "&IFERROR(VLOOKUP(MID(H71,1,2),PIRA!$B$1:$E$1144,2,FALSE),"")&" "&IFERROR(VLOOKUP(MID(I71,1,2),PIRA!$B$1:$E$1144,2,FALSE),"") -> Linear Momentum and Collisions Stellar Astronomy Relative Motion | F71: =IFERROR(VLOOKUP(MID(G71,1,4),PIRA!$B$1:$E$1144,2,FALSE),"")&" "&IFERROR(VLOOKUP(MID(H71,1,4),PIRA!$B$1:$E$1144,2,FALSE),"")&" "&IFERROR(VLOOKUP(MID(I71,1,4),PIRA!$B$1:$E$1144,2,FALSE),"") -> Collisions in One Dimension The Sun Moving Reference Frames | G71: 1N30.60 | H71: =IFERROR(IF(VLOOKUP(G71,Demos!$B$3:$K$1368,2,FALSE)=0,"",VLOOKUP(G71,Demos!$B$3:$K$1368,2,FALSE)),"") -> 8B10.50 | I71: =IFERROR(IF(VLOOKUP(G71,Demos!$B$3:$K$1368,3,FALSE)=0,"",VLOOKUP(G71,Demos!$B$3:$K$1368,3,FALSE)),"") -> 1E10.01 | J71: =IFERROR(IF(VLOOKUP(G71,Demos!$B$3:$K$1368,4,FALSE)=0,"",VLOOKUP(G71,Demos!$B$3:$K$1368,4,FALSE)),"") -> 1N20.09 | K71: Peter Steeneken | M71: 45367 | N71: =IFERROR(VLOOKUP(G71,Demos!$B$3:$K$1368,5,FALSE),"") -> Super Balls, Double Ball Drop | O71: =IF(N71="","",COUNTIF($N$6:N2190, N71)) -> 44 | P71: =IFERROR(IF(VLOOKUP(G71,Demos!$B$3:$K$1368,6,FALSE)=0,"",VLOOKUP(G71,Demos!$B$3:$K$1368,6,FALSE)),"") -> www.de-monstrare.nl/pdf/Superballs.pdf | Q71: =IFERROR(IF(VLOOKUP(G71,Demos!$B$3:$K$1368,8,FALSE)=0,"",VLOOKUP(G71,Demos!$B$3:$K$1368,8,FALSE)),"") | R71: =IFERROR(IF(VLOOKUP(G71,Demos!$B$3:$K$1368,7,FALSE)=0,"",VLOOKUP(G71,Demos!$B$3:$K$1368,7,FALSE)),"") -> See Collegerama 2022 recording TN1612TU_10 from 01:17:10 - https://collegerama.tudelft.nl/Mediasite/Channel/as-bsc-tn/watch/b282d0ac7af745eba483f6120bc37f2d1d | U71: =IFERROR(VLOOKUP(G71,Demos!$B$7:N5884,12,FALSE),"")
A72: =ROW()-5 -> 67 | B72: TN1612TU | C72: =IFERROR(VLOOKUP(B72, Courses!$C$3:$E$836, 2, FALSE),"") -> Mechanics and Theory of Relativity | D72: =IFERROR(VLOOKUP(MID(G72,1,1), PIRA!$B$1:$E$1146, 2, FALSE),"") -> 1 Mechanics | E72: =IFERROR(VLOOKUP(MID(G72,1,2),PIRA!$B$1:$E$1144,2,FALSE),"")&" "&IFERROR(VLOOKUP(MID(H72,1,2),PIRA!$B$1:$E$1144,2,FALSE),"")&" "&IFERROR(VLOOKUP(MID(I72,1,2),PIRA!$B$1:$E$1144,2,FALSE),"") -> Rotational Dynamics | F72: =IFERROR(VLOOKUP(MID(G72,1,4),PIRA!$B$1:$E$1144,2,FALSE),"")&" "&IFERROR(VLOOKUP(MID(H72,1,4),PIRA!$B$1:$E$1144,2,FALSE),"")&" "&IFERROR(VLOOKUP(MID(I72,1,4),PIRA!$B$1:$E$1144,2,FALSE),"") -> Moment of Inertia | G72: 1Q10.10 | H72: =IFERROR(IF(VLOOKUP(G72,Demos!$B$3:$K$1368,2,FALSE)=0,"",VLOOKUP(G72,Demos!$B$3:$K$1368,2,FALSE)),"") | I72: =IFERROR(IF(VLOOKUP(G72,Demos!$B$3:$K$1368,3,FALSE)=0,"",VLOOKUP(G72,Demos!$B$3:$K$1368,3,FALSE)),"") | J72: =IFERROR(IF(VLOOKUP(G72,Demos!$B$3:$K$1368,4,FALSE)=0,"",VLOOKUP(G72,Demos!$B$3:$K$1368,4,FALSE)),"") | K72: Rob Mudde | L72: Bernd Rieger | M72: 45367 | N72: =IFERROR(VLOOKUP(G72,Demos!$B$3:$K$1368,5,FALSE),"") -> Inertia Wands | O72: =IF(N72="","",COUNTIF($N$6:N2191, N72)) -> 25 | P72: =IFERROR(IF(VLOOKUP(G72,Demos!$B$3:$K$1368,6,FALSE)=0,"",VLOOKUP(G72,Demos!$B$3:$K$1368,6,FALSE)),"") -> N/A | Q72: =IFERROR(IF(VLOOKUP(G72,Demos!$B$3:$K$1368,8,FALSE)=0,"",VLOOKUP(G72,Demos!$B$3:$K$1368,8,FALSE)),"") -> Not listed in database yet | R72: =IFERROR(IF(VLOOKUP(G72,Demos!$B$3:$K$1368,7,FALSE)=0,"",VLOOKUP(G72,Demos!$B$3:$K$1368,7,FALSE)),"") | U72: =IFERROR(VLOOKUP(G72,Demos!$B$7:N5952,12,FALSE),"")
A73: =ROW()-5 -> 68 | B73: WB1135 | C73: =IFERROR(VLOOKUP(B73, Courses!$C$3:$E$836, 2, FALSE),"") -> Dynamica | D73: =IFERROR(VLOOKUP(MID(G73,1,1), PIRA!$B$1:$E$1146, 2, FALSE),"") -> 1 Mechanics | E73: =IFERROR(VLOOKUP(MID(G73,1,2),PIRA!$B$1:$E$1144,2,FALSE),"")&" "&IFERROR(VLOOKUP(MID(H73,1,2),PIRA!$B$1:$E$1144,2,FALSE),"")&" "&IFERROR(VLOOKUP(MID(I73,1,2),PIRA!$B$1:$E$1144,2,FALSE),"") -> Newton's Third Law Linear Momentum and Collisions | F73: =IFERROR(VLOOKUP(MID(G73,1,4),PIRA!$B$1:$E$1144,2,FALSE),"")&" "&IFERROR(VLOOKUP(MID(H73,1,4),PIRA!$B$1:$E$1144,2,FALSE),"")&" "&IFERROR(VLOOKUP(MID(I73,1,4),PIRA!$B$1:$E$1144,2,FALSE),"") -> Action and Reaction Rockets | G73: 1H10.06 | H73: =IFERROR(IF(VLOOKUP(G73,Demos!$B$3:$K$1368,2,FALSE)=0,"",VLOOKUP(G73,Demos!$B$3:$K$1368,2,FALSE)),"") -> 1N22.02 | I73: =IFERROR(IF(VLOOKUP(G73,Demos!$B$3:$K$1368,3,FALSE)=0,"",VLOOKUP(G73,Demos!$B$3:$K$1368,3,FALSE)),"") | J73: =IFERROR(IF(VLOOKUP(G73,Demos!$B$3:$K$1368,4,FALSE)=0,"",VLOOKUP(G73,Demos!$B$3:$K$1368,4,FALSE)),"") | K73: Peter Steeneken | M73: 45364 | N73: =IFERROR(VLOOKUP(G73,Demos!$B$3:$K$1368,5,FALSE),"") -> Recoil of a Water Jet | O73: =IF(N73="","",COUNTIF($N$6:N2192, N73)) -> 2 | P73: =IFERROR(IF(VLOOKUP(G73,Demos!$B$3:$K$1368,6,FALSE)=0,"",VLOOKUP(G73,Demos!$B$3:$K$1368,6,FALSE)),"") -> www.de-monstrare.nl/pdf/Recoil%20of%20a%20water-jet.pdf | Q73: =IFERROR(IF(VLOOKUP(G73,Demos!$B$3:$K$1368,8,FALSE)=0,"",VLOOKUP(G73,Demos!$B$3:$K$1368,8,FALSE)),"") | R73: =IFERROR(IF(VLOOKUP(G73,Demos!$B$3:$K$1368,7,FALSE)=0,"",VLOOKUP(G73,Demos!$B$3:$K$1368,7,FALSE)),"") | T73: No (no setup done) | U73: =IFERROR(VLOOKUP(G73,Demos!$B$7:N5886,12,FALSE),"")
A74: =ROW()-5 -> 69 | B74: WB1135 | C74: =IFERROR(VLOOKUP(B74, Courses!$C$3:$E$836, 2, FALSE),"") -> Dynamica | D74: =IFERROR(VLOOKUP(MID(G74,1,1), PIRA!$B$1:$E$1146, 2, FALSE),"") -> 1 Mechanics | E74: =IFERROR(VLOOKUP(MID(G74,1,2),PIRA!$B$1:$E$1144,2,FALSE),"")&" "&IFERROR(VLOOKUP(MID(H74,1,2),PIRA!$B$1:$E$1144,2,FALSE),"")&" "&IFERROR(VLOOKUP(MID(I74,1,2),PIRA!$B$1:$E$1144,2,FALSE),"") -> Rotational Dynamics | F74: =IFERROR(VLOOKUP(MID(G74,1,4),PIRA!$B$1:$E$1144,2,FALSE),"")&" "&IFERROR(VLOOKUP(MID(H74,1,4),PIRA!$B$1:$E$1144,2,FALSE),"")&" "&IFERROR(VLOOKUP(MID(I74,1,4),PIRA!$B$1:$E$1144,2,FALSE),"") -> Conservation of Angular Momentum | G74: 1Q40.08 | H74: =IFERROR(IF(VLOOKUP(G74,Demos!$B$3:$K$1368,2,FALSE)=0,"",VLOOKUP(G74,Demos!$B$3:$K$1368,2,FALSE)),"") | I74: =IFERROR(IF(VLOOKUP(G74,Demos!$B$3:$K$1368,3,FALSE)=0,"",VLOOKUP(G74,Demos!$B$3:$K$1368,3,FALSE)),"") | J74: =IFERROR(IF(VLOOKUP(G74,Demos!$B$3:$K$1368,4,FALSE)=0,"",VLOOKUP(G74,Demos!$B$3:$K$1368,4,FALSE)),"") | K74: Peter Steeneken | M74: 45364 | N74: =IFERROR(VLOOKUP(G74,Demos!$B$3:$K$1368,5,FALSE),"") -> How an Astronaut can Turn Around in Free Space | O74: =IF(N74="","",COUNTIF($N$6:N2193, N74)) -> 2 | P74: =IFERROR(IF(VLOOKUP(G74,Demos!$B$3:$K$1368,6,FALSE)=0,"",VLOOKUP(G74,Demos!$B$3:$K$1368,6,FALSE)),"") -> www.de-monstrare.nl/pdf/How%20an%20astronaut%20can%20turn%20around%20in%20free%20space.pdf | Q74: =IFERROR(IF(VLOOKUP(G74,Demos!$B$3:$K$1368,8,FALSE)=0,"",VLOOKUP(G74,Demos!$B$3:$K$1368,8,FALSE)),"") | R74: =IFERROR(IF(VLOOKUP(G74,Demos!$B$3:$K$1368,7,FALSE)=0,"",VLOOKUP(G74,Demos!$B$3:$K$1368,7,FALSE)),"") | U74: =IFERROR(VLOOKUP(G74,Demos!$B$7:N5889,12,FALSE),"")
A75: =ROW()-5 -> 70 | B75: WB1135 | C75: =IFERROR(VLOOKUP(B75, Courses!$C$3:$E$836, 2, FALSE),"") -> Dynamica | D75: =IFERROR(VLOOKUP(MID(G75,1,1), PIRA!$B$1:$E$1146, 2, FALSE),"") -> 1 Mechanics | E75: =IFERROR(VLOOKUP(MID(G75,1,2),PIRA!$B$1:$E$1144,2,FALSE),"")&" "&IFERROR(VLOOKUP(MID(H75,1,2),PIRA!$B$1:$E$1144,2,FALSE),"")&" "&IFERROR(VLOOKUP(MID(I75,1,2),PIRA!$B$1:$E$1144,2,FALSE),"") -> Rotational Dynamics Rotational Dynamics | F75: =IFERROR(VLOOKUP(MID(G75,1,4),PIRA!$B$1:$E$1144,2,FALSE),"")&" "&IFERROR(VLOOKUP(MID(H75,1,4),PIRA!$B$1:$E$1144,2,FALSE),"")&" "&IFERROR(VLOOKUP(MID(I75,1,4),PIRA!$B$1:$E$1144,2,FALSE),"") -> Conservation of Angular Momentum Moment of Inertia | G75: 1Q40.10 | H75: =IFERROR(IF(VLOOKUP(G75,Demos!$B$3:$K$1368,2,FALSE)=0,"",VLOOKUP(G75,Demos!$B$3:$K$1368,2,FALSE)),"") -> 1Q10.01 | I75: =IFERROR(IF(VLOOKUP(G75,Demos!$B$3:$K$1368,3,FALSE)=0,"",VLOOKUP(G75,Demos!$B$3:$K$1368,3,FALSE)),"") | J75: =IFERROR(IF(VLOOKUP(G75,Demos!$B$3:$K$1368,4,FALSE)=0,"",VLOOKUP(G75,Demos!$B$3:$K$1368,4,FALSE)),"") | K75: Peter Steeneken | M75: 45364 | N75: =IFERROR(VLOOKUP(G75,Demos!$B$3:$K$1368,5,FALSE),"") -> Pirouette | O75: =IF(N75="","",COUNTIF($N$6:N2194, N75)) -> 21 | P75: =IFERROR(IF(VLOOKUP(G75,Demos!$B$3:$K$1368,6,FALSE)=0,"",VLOOKUP(G75,Demos!$B$3:$K$1368,6,FALSE)),"") -> www.de-monstrare.nl/pdf/Pirouette.pdf | Q75: =IFERROR(IF(VLOOKUP(G75,Demos!$B$3:$K$1368,8,FALSE)=0,"",VLOOKUP(G75,Demos!$B$3:$K$1368,8,FALSE)),"") | R75: =IFERROR(IF(VLOOKUP(G75,Demos!$B$3:$K$1368,7,FALSE)=0,"",VLOOKUP(G75,Demos!$B$3:$K$1368,7,FALSE)),"") | U75: =IFERROR(VLOOKUP(G75,Demos!$B$7:N5888,12,FALSE),"")
A76: =ROW()-5 -> 71 | B76: WB1135 | C76: =IFERROR(VLOOKUP(B76, Courses!$C$3:$E$836, 2, FALSE),"") -> Dynamica | D76: =IFERROR(VLOOKUP(MID(G76,1,1), PIRA!$B$1:$E$1146, 2, FALSE),"") -> 1 Mechanics | E76: =IFERROR(VLOOKUP(MID(G76,1,2),PIRA!$B$1:$E$1144,2,FALSE),"")&" "&IFERROR(VLOOKUP(MID(H76,1,2),PIRA!$B$1:$E$1144,2,FALSE),"")&" "&IFERROR(VLOOKUP(MID(I76,1,2),PIRA!$B$1:$E$1144,2,FALSE),"") -> Rotational Dynamics Rotational Dynamics | F76: =IFERROR(VLOOKUP(MID(G76,1,4),PIRA!$B$1:$E$1144,2,FALSE),"")&" "&IFERROR(VLOOKUP(MID(H76,1,4),PIRA!$B$1:$E$1144,2,FALSE),"")&" "&IFERROR(VLOOKUP(MID(I76,1,4),PIRA!$B$1:$E$1144,2,FALSE),"") -> Conservation of Angular Momentum Transfer of Angular Momentum | G76: 1Q40.30 | H76: =IFERROR(IF(VLOOKUP(G76,Demos!$B$3:$K$1368,2,FALSE)=0,"",VLOOKUP(G76,Demos!$B$3:$K$1368,2,FALSE)),"") -> 1Q30.10 | I76: =IFERROR(IF(VLOOKUP(G76,Demos!$B$3:$K$1368,3,FALSE)=0,"",VLOOKUP(G76,Demos!$B$3:$K$1368,3,FALSE)),"") | J76: =IFERROR(IF(VLOOKUP(G76,Demos!$B$3:$K$1368,4,FALSE)=0,"",VLOOKUP(G76,Demos!$B$3:$K$1368,4,FALSE)),"") | K76: Peter Steeneken | M76: 45364 | N76: =IFERROR(VLOOKUP(G76,Demos!$B$3:$K$1368,5,FALSE),"") -> Bicycle Wheel and Swivel Chair | O76: =IF(N76="","",COUNTIF($N$6:N2195, N76)) -> 34 | P76: =IFERROR(IF(VLOOKUP(G76,Demos!$B$3:$K$1368,6,FALSE)=0,"",VLOOKUP(G76,Demos!$B$3:$K$1368,6,FALSE)),"") -> www.de-monstrare.nl/pdf/Bicycle%20wheel%20and%20swivel%20chair.pdf | Q76: =IFERROR(IF(VLOOKUP(G76,Demos!$B$3:$K$1368,8,FALSE)=0,"",VLOOKUP(G76,Demos!$B$3:$K$1368,8,FALSE)),"") | R76: =IFERROR(IF(VLOOKUP(G76,Demos!$B$3:$K$1368,7,FALSE)=0,"",VLOOKUP(G76,Demos!$B$3:$K$1368,7,FALSE)),"") -> See Collegerama 2022 recording TN1612TU_05 from 01:13:11 - https://collegerama.tudelft.nl/Mediasite/Channel/as-bsc-tn/watch/c62ffe14b9a54c75ada1f93c4d870c901d | U76: =IFERROR(VLOOKUP(G76,Demos!$B$7:N5887,12,FALSE),"")
A77: =ROW()-5 -> 72 | B77: TN1531TW | C77: =IFERROR(VLOOKUP(B77, Courses!$C$3:$E$836, 2, FALSE),"") -> Mechanics and Theory of Relativity | D77: =IFERROR(VLOOKUP(MID(G77,1,1), PIRA!$B$1:$E$1146, 2, FALSE),"") -> 1 Mechanics | E77: =IFERROR(VLOOKUP(MID(G77,1,2),PIRA!$B$1:$E$1144,2,FALSE),"")&" "&IFERROR(VLOOKUP(MID(H77,1,2),PIRA!$B$1:$E$1144,2,FALSE),"")&" "&IFERROR(VLOOKUP(MID(I77,1,2),PIRA!$B$1:$E$1144,2,FALSE),"") -> Rotational Dynamics Rotational Dynamics | F77: =IFERROR(VLOOKUP(MID(G77,1,4),PIRA!$B$1:$E$1144,2,FALSE),"")&" "&IFERROR(VLOOKUP(MID(H77,1,4),PIRA!$B$1:$E$1144,2,FALSE),"")&" "&IFERROR(VLOOKUP(MID(I77,1,4),PIRA!$B$1:$E$1144,2,FALSE),"") -> Conservation of Angular Momentum Moment of Inertia | G77: 1Q40.03 | H77: =IFERROR(IF(VLOOKUP(G77,Demos!$B$3:$K$1368,2,FALSE)=0,"",VLOOKUP(G77,Demos!$B$3:$K$1368,2,FALSE)),"") -> 1Q10.XX | I77: =IFERROR(IF(VLOOKUP(G77,Demos!$B$3:$K$1368,3,FALSE)=0,"",VLOOKUP(G77,Demos!$B$3:$K$1368,3,FALSE)),"") | J77: =IFERROR(IF(VLOOKUP(G77,Demos!$B$3:$K$1368,4,FALSE)=0,"",VLOOKUP(G77,Demos!$B$3:$K$1368,4,FALSE)),"") | K77: Natalia Chepiga | M77: 45359 | N77: =IFERROR(VLOOKUP(G77,Demos!$B$3:$K$1368,5,FALSE),"") -> Matchbox and Wineglass | O77: =IF(N77="","",COUNTIF($N$6:N2196, N77)) -> 36 | P77: =IFERROR(IF(VLOOKUP(G77,Demos!$B$3:$K$1368,6,FALSE)=0,"",VLOOKUP(G77,Demos!$B$3:$K$1368,6,FALSE)),"") -> www.de-monstrare.nl/pdf/Matchbox%20and%20wineglass.pdf | Q77: =IFERROR(IF(VLOOKUP(G77,Demos!$B$3:$K$1368,8,FALSE)=0,"",VLOOKUP(G77,Demos!$B$3:$K$1368,8,FALSE)),"") | R77: =IFERROR(IF(VLOOKUP(G77,Demos!$B$3:$K$1368,7,FALSE)=0,"",VLOOKUP(G77,Demos!$B$3:$K$1368,7,FALSE)),"") -> See Collegerama 2022 recording TN1612TU_17 from about 40 minutes - https://collegerama.tudelft.nl/Mediasite/Channel/as-bsc-tn/watch/068318bc5e2d4c908ecc56ce056d99d81d | U77: =IFERROR(VLOOKUP(G77,Demos!$B$7:N5998,12,FALSE),"")
A78: =ROW()-5 -> 73 | B78: TN1531TW | C78: =IFERROR(VLOOKUP(B78, Courses!$C$3:$E$836, 2, FALSE),"") -> Mechanics and Theory of Relativity | D78: =IFERROR(VLOOKUP(MID(G78,1,1), PIRA!$B$1:$E$1146, 2, FALSE),"") -> 1 Mechanics | E78: =IFERROR(VLOOKUP(MID(G78,1,2),PIRA!$B$1:$E$1144,2,FALSE),"")&" "&IFERROR(VLOOKUP(MID(H78,1,2),PIRA!$B$1:$E$1144,2,FALSE),"")&" "&IFERROR(VLOOKUP(MID(I78,1,2),PIRA!$B$1:$E$1144,2,FALSE),"") -> Rotational Dynamics Rotational Dynamics | F78: =IFERROR(VLOOKUP(MID(G78,1,4),PIRA!$B$1:$E$1144,2,FALSE),"")&" "&IFERROR(VLOOKUP(MID(H78,1,4),PIRA!$B$1:$E$1144,2,FALSE),"")&" "&IFERROR(VLOOKUP(MID(I78,1,4),PIRA!$B$1:$E$1144,2,FALSE),"") -> Conservation of Angular Momentum Transfer of Angular Momentum | G78: 1Q40.30 | H78: =IFERROR(IF(VLOOKUP(G78,Demos!$B$3:$K$1368,2,FALSE)=0,"",VLOOKUP(G78,Demos!$B$3:$K$1368,2,FALSE)),"") -> 1Q30.10 | I78: =IFERROR(IF(VLOOKUP(G78,Demos!$B$3:$K$1368,3,FALSE)=0,"",VLOOKUP(G78,Demos!$B$3:$K$1368,3,FALSE)),"") | J78: =IFERROR(IF(VLOOKUP(G78,Demos!$B$3:$K$1368,4,FALSE)=0,"",VLOOKUP(G78,Demos!$B$3:$K$1368,4,FALSE)),"") | K78: Natalia Chepiga | M78: 45359 | N78: =IFERROR(VLOOKUP(G78,Demos!$B$3:$K$1368,5,FALSE),"") -> Bicycle Wheel and Swivel Chair | O78: =IF(N78="","",COUNTIF($N$6:N2197, N78)) -> 34 | P78: =IFERROR(IF(VLOOKUP(G78,Demos!$B$3:$K$1368,6,FALSE)=0,"",VLOOKUP(G78,Demos!$B$3:$K$1368,6,FALSE)),"") -> www.de-monstrare.nl/pdf/Bicycle%20wheel%20and%20swivel%20chair.pdf | Q78: =IFERROR(IF(VLOOKUP(G78,Demos!$B$3:$K$1368,8,FALSE)=0,"",VLOOKUP(G78,Demos!$B$3:$K$1368,8,FALSE)),"") | R78: =IFERROR(IF(VLOOKUP(G78,Demos!$B$3:$K$1368,7,FALSE)=0,"",VLOOKUP(G78,Demos!$B$3:$K$1368,7,FALSE)),"") -> See Collegerama 2022 recording TN1612TU_05 from 01:13:11 - https://collegerama.tudelft.nl/Mediasite/Channel/as-bsc-tn/watch/c62ffe14b9a54c75ada1f93c4d870c901d | U78: =IFERROR(VLOOKUP(G78,Demos!$B$7:N6014,12,FALSE),"")
A79: =ROW()-5 -> 74 | B79: TN1531TW | C79: =IFERROR(VLOOKUP(B79, Courses!$C$3:$E$836, 2, FALSE),"") -> Mechanics and Theory of Relativity | D79: =IFERROR(VLOOKUP(MID(G79,1,1), PIRA!$B$1:$E$1146, 2, FALSE),"") -> 1 Mechanics | E79: =IFERROR(VLOOKUP(MID(G79,1,2),PIRA!$B$1:$E$1144,2,FALSE),"")&" "&IFERROR(VLOOKUP(MID(H79,1,2),PIRA!$B$1:$E$1144,2,FALSE),"")&" "&IFERROR(VLOOKUP(MID(I79,1,2),PIRA!$B$1:$E$1144,2,FALSE),"") -> Rotational Dynamics | F79: =IFERROR(VLOOKUP(MID(G79,1,4),PIRA!$B$1:$E$1144,2,FALSE),"")&" "&IFERROR(VLOOKUP(MID(H79,1,4),PIRA!$B$1:$E$1144,2,FALSE),"")&" "&IFERROR(VLOOKUP(MID(I79,1,4),PIRA!$B$1:$E$1144,2,FALSE),"") -> Rotational Stability | G79: 1Q60.01 | H79: =IFERROR(IF(VLOOKUP(G79,Demos!$B$3:$K$1368,2,FALSE)=0,"",VLOOKUP(G79,Demos!$B$3:$K$1368,2,FALSE)),"") | I79: =IFERROR(IF(VLOOKUP(G79,Demos!$B$3:$K$1368,3,FALSE)=0,"",VLOOKUP(G79,Demos!$B$3:$K$1368,3,FALSE)),"") | J79: =IFERROR(IF(VLOOKUP(G79,Demos!$B$3:$K$1368,4,FALSE)=0,"",VLOOKUP(G79,Demos!$B$3:$K$1368,4,FALSE)),"") | K79: Natalia Chepiga | M79: 45359 | N79: =IFERROR(VLOOKUP(G79,Demos!$B$3:$K$1368,5,FALSE),"") -> Stable Wheel | O79: =IF(N79="","",COUNTIF($N$6:N2198, N79)) -> 14 | P79: =IFERROR(IF(VLOOKUP(G79,Demos!$B$3:$K$1368,6,FALSE)=0,"",VLOOKUP(G79,Demos!$B$3:$K$1368,6,FALSE)),"") -> www.de-monstrare.nl/pdf/Stable%20wheel.pdf | Q79: =IFERROR(IF(VLOOKUP(G79,Demos!$B$3:$K$1368,8,FALSE)=0,"",VLOOKUP(G79,Demos!$B$3:$K$1368,8,FALSE)),"") | R79: =IFERROR(IF(VLOOKUP(G79,Demos!$B$3:$K$1368,7,FALSE)=0,"",VLOOKUP(G79,Demos!$B$3:$K$1368,7,FALSE)),"") -> See Collegerama 2022 recording TN1612TU_20 - https://collegerama.tudelft.nl/Mediasite/Channel/as-bsc-tn/watch/1a0c74c4eaf54cb7aa9b646d254fee821d | U79: =IFERROR(VLOOKUP(G79,Demos!$B$7:N5967,12,FALSE),"")
A80: =ROW()-5 -> 75 | B80: TN1612TU | C80: =IFERROR(VLOOKUP(B80, Courses!$C$3:$E$836, 2, FALSE),"") -> Mechanics and Theory of Relativity | D80: =IFERROR(VLOOKUP(MID(G80,1,1), PIRA!$B$1:$E$1146, 2, FALSE),"") -> 1 Mechanics | E80: =IFERROR(VLOOKUP(MID(G80,1,2),PIRA!$B$1:$E$1144,2,FALSE),"")&" "&IFERROR(VLOOKUP(MID(H80,1,2),PIRA!$B$1:$E$1144,2,FALSE),"")&" "&IFERROR(VLOOKUP(MID(I80,1,2),PIRA!$B$1:$E$1144,2,FALSE),"") -> Motion in two Dimensions | F80: =IFERROR(VLOOKUP(MID(G80,1,4),PIRA!$B$1:$E$1144,2,FALSE),"")&" "&IFERROR(VLOOKUP(MID(H80,1,4),PIRA!$B$1:$E$1144,2,FALSE),"")&" "&IFERROR(VLOOKUP(MID(I80,1,4),PIRA!$B$1:$E$1144,2,FALSE),"") -> Motion of the Center of Mass | G80: 1D40.01 | H80: =IFERROR(IF(VLOOKUP(G80,Demos!$B$3:$K$1368,2,FALSE)=0,"",VLOOKUP(G80,Demos!$B$3:$K$1368,2,FALSE)),"") | I80: =IFERROR(IF(VLOOKUP(G80,Demos!$B$3:$K$1368,3,FALSE)=0,"",VLOOKUP(G80,Demos!$B$3:$K$1368,3,FALSE)),"") | J80: =IFERROR(IF(VLOOKUP(G80,Demos!$B$3:$K$1368,4,FALSE)=0,"",VLOOKUP(G80,Demos!$B$3:$K$1368,4,FALSE)),"") | K80: Bernd Rieger | L80: Rob Mudde | M80: 45358 | N80: =IFERROR(VLOOKUP(G80,Demos!$B$3:$K$1368,5,FALSE),"") -> Centre of Mass | O80: =IF(N80="","",COUNTIF($N$6:N2199, N80)) -> 38 | P80: =IFERROR(IF(VLOOKUP(G80,Demos!$B$3:$K$1368,6,FALSE)=0,"",VLOOKUP(G80,Demos!$B$3:$K$1368,6,FALSE)),"") -> www.de-monstrare.nl/pdf/Centre%20of%20mass.pdf | Q80: =IFERROR(IF(VLOOKUP(G80,Demos!$B$3:$K$1368,8,FALSE)=0,"",VLOOKUP(G80,Demos!$B$3:$K$1368,8,FALSE)),"") | R80: =IFERROR(IF(VLOOKUP(G80,Demos!$B$3:$K$1368,7,FALSE)=0,"",VLOOKUP(G80,Demos!$B$3:$K$1368,7,FALSE)),"") -> See Collegerama 2022 recording TN1612TU_14 - https://collegerama.tudelft.nl/Mediasite/Channel/as-bsc-tn/watch/64cb5e5c7d2546fb9f465306d41a128b1d | U80: =IFERROR(VLOOKUP(G80,Demos!$B$7:N5976,12,FALSE),"")
A81: =ROW()-5 -> 76 | B81: TN1612TU | C81: =IFERROR(VLOOKUP(B81, Courses!$C$3:$E$836, 2, FALSE),"") -> Mechanics and Theory of Relativity | D81: =IFERROR(VLOOKUP(MID(G81,1,1), PIRA!$B$1:$E$1146, 2, FALSE),"") -> 1 Mechanics | E81: =IFERROR(VLOOKUP(MID(G81,1,2),PIRA!$B$1:$E$1144,2,FALSE),"")&" "&IFERROR(VLOOKUP(MID(H81,1,2),PIRA!$B$1:$E$1144,2,FALSE),"")&" "&IFERROR(VLOOKUP(MID(I81,1,2),PIRA!$B$1:$E$1144,2,FALSE),"") -> Linear Momentum and Collisions | F81: =IFERROR(VLOOKUP(MID(G81,1,4),PIRA!$B$1:$E$1144,2,FALSE),"")&" "&IFERROR(VLOOKUP(MID(H81,1,4),PIRA!$B$1:$E$1144,2,FALSE),"")&" "&IFERROR(VLOOKUP(MID(I81,1,4),PIRA!$B$1:$E$1144,2,FALSE),"") -> Conservation of Linear Momentum | G81: 1N20.03 | H81: =IFERROR(IF(VLOOKUP(G81,Demos!$B$3:$K$1368,2,FALSE)=0,"",VLOOKUP(G81,Demos!$B$3:$K$1368,2,FALSE)),"") | I81: =IFERROR(IF(VLOOKUP(G81,Demos!$B$3:$K$1368,3,FALSE)=0,"",VLOOKUP(G81,Demos!$B$3:$K$1368,3,FALSE)),"") | J81: =IFERROR(IF(VLOOKUP(G81,Demos!$B$3:$K$1368,4,FALSE)=0,"",VLOOKUP(G81,Demos!$B$3:$K$1368,4,FALSE)),"") | K81: Bernd Rieger | L81: Rob Mudde | M81: 45358 | N81: =IFERROR(VLOOKUP(G81,Demos!$B$3:$K$1368,5,FALSE),"") -> Explosion | O81: =IF(N81="","",COUNTIF($N$6:N2200, N81)) -> 22 | P81: =IFERROR(IF(VLOOKUP(G81,Demos!$B$3:$K$1368,6,FALSE)=0,"",VLOOKUP(G81,Demos!$B$3:$K$1368,6,FALSE)),"") -> www.de-monstrare.nl/pdf/Explosion.pdf | Q81: =IFERROR(IF(VLOOKUP(G81,Demos!$B$3:$K$1368,8,FALSE)=0,"",VLOOKUP(G81,Demos!$B$3:$K$1368,8,FALSE)),"") | R81: =IFERROR(IF(VLOOKUP(G81,Demos!$B$3:$K$1368,7,FALSE)=0,"",VLOOKUP(G81,Demos!$B$3:$K$1368,7,FALSE)),"") -> See Collegerama 2022 recording TN1612TU_14 - https://collegerama.tudelft.nl/Mediasite/Channel/as-bsc-tn/watch/64cb5e5c7d2546fb9f465306d41a128b1d | U81: =IFERROR(VLOOKUP(G81,Demos!$B$7:N5975,12,FALSE),"")
A82: =ROW()-5 -> 77 | B82: EE1200 | C82: =IFERROR(VLOOKUP(B82, Courses!$C$3:$E$836, 2, FALSE),"") -> Classical and Quantum Mechanics | D82: =IFERROR(VLOOKUP(MID(G82,1,1), PIRA!$B$1:$E$1146, 2, FALSE),"") -> 1 Mechanics | E82: =IFERROR(VLOOKUP(MID(G82,1,2),PIRA!$B$1:$E$1144,2,FALSE),"")&" "&IFERROR(VLOOKUP(MID(H82,1,2),PIRA!$B$1:$E$1144,2,FALSE),"")&" "&IFERROR(VLOOKUP(MID(I82,1,2),PIRA!$B$1:$E$1144,2,FALSE),"") -> Rotational Dynamics Rotational Dynamics | F82: =IFERROR(VLOOKUP(MID(G82,1,4),PIRA!$B$1:$E$1144,2,FALSE),"")&" "&IFERROR(VLOOKUP(MID(H82,1,4),PIRA!$B$1:$E$1144,2,FALSE),"")&" "&IFERROR(VLOOKUP(MID(I82,1,4),PIRA!$B$1:$E$1144,2,FALSE),"") -> Conservation of Angular Momentum Transfer of Angular Momentum | G82: 1Q40.30 | H82: =IFERROR(IF(VLOOKUP(G82,Demos!$B$3:$K$1368,2,FALSE)=0,"",VLOOKUP(G82,Demos!$B$3:$K$1368,2,FALSE)),"") -> 1Q30.10 | I82: =IFERROR(IF(VLOOKUP(G82,Demos!$B$3:$K$1368,3,FALSE)=0,"",VLOOKUP(G82,Demos!$B$3:$K$1368,3,FALSE)),"") | J82: =IFERROR(IF(VLOOKUP(G82,Demos!$B$3:$K$1368,4,FALSE)=0,"",VLOOKUP(G82,Demos!$B$3:$K$1368,4,FALSE)),"") | K82: Filipe Arroyo Cardoso | L82: L Abelman | M82: 45358 | N82: =IFERROR(VLOOKUP(G82,Demos!$B$3:$K$1368,5,FALSE),"") -> Bicycle Wheel and Swivel Chair | O82: =IF(N82="","",COUNTIF($N$6:N2201, N82)) -> 34 | P82: =IFERROR(IF(VLOOKUP(G82,Demos!$B$3:$K$1368,6,FALSE)=0,"",VLOOKUP(G82,Demos!$B$3:$K$1368,6,FALSE)),"") -> www.de-monstrare.nl/pdf/Bicycle%20wheel%20and%20swivel%20chair.pdf | Q82: =IFERROR(IF(VLOOKUP(G82,Demos!$B$3:$K$1368,8,FALSE)=0,"",VLOOKUP(G82,Demos!$B$3:$K$1368,8,FALSE)),"") | R82: =IFERROR(IF(VLOOKUP(G82,Demos!$B$3:$K$1368,7,FALSE)=0,"",VLOOKUP(G82,Demos!$B$3:$K$1368,7,FALSE)),"") -> See Collegerama 2022 recording TN1612TU_05 from 01:13:11 - https://collegerama.tudelft.nl/Mediasite/Channel/as-bsc-tn/watch/c62ffe14b9a54c75ada1f93c4d870c901d | U82: =IFERROR(VLOOKUP(G82,Demos!$B$7:N5994,12,FALSE),"")
A83: =ROW()-5 -> 78 | B83: WB1135 | C83: =IFERROR(VLOOKUP(B83, Courses!$C$3:$E$836, 2, FALSE),"") -> Dynamica | D83: =IFERROR(VLOOKUP(MID(G83,1,1), PIRA!$B$1:$E$1146, 2, FALSE),"") -> 1 Mechanics | E83: =IFERROR(VLOOKUP(MID(G83,1,2),PIRA!$B$1:$E$1144,2,FALSE),"")&" "&IFERROR(VLOOKUP(MID(H83,1,2),PIRA!$B$1:$E$1144,2,FALSE),"")&" "&IFERROR(VLOOKUP(MID(I83,1,2),PIRA!$B$1:$E$1144,2,FALSE),"") -> Linear Momentum and Collisions | F83: =IFERROR(VLOOKUP(MID(G83,1,4),PIRA!$B$1:$E$1144,2,FALSE),"")&" "&IFERROR(VLOOKUP(MID(H83,1,4),PIRA!$B$1:$E$1144,2,FALSE),"")&" "&IFERROR(VLOOKUP(MID(I83,1,4),PIRA!$B$1:$E$1144,2,FALSE),"") -> Conservation of Linear Momentum | G83: 1N20.01 | H83: =IFERROR(IF(VLOOKUP(G83,Demos!$B$3:$K$1368,2,FALSE)=0,"",VLOOKUP(G83,Demos!$B$3:$K$1368,2,FALSE)),"") | I83: =IFERROR(IF(VLOOKUP(G83,Demos!$B$3:$K$1368,3,FALSE)=0,"",VLOOKUP(G83,Demos!$B$3:$K$1368,3,FALSE)),"") | J83: =IFERROR(IF(VLOOKUP(G83,Demos!$B$3:$K$1368,4,FALSE)=0,"",VLOOKUP(G83,Demos!$B$3:$K$1368,4,FALSE)),"") | K83: Peter Steeneken | M83: 45357 | N83: =IFERROR(VLOOKUP(G83,Demos!$B$3:$K$1368,5,FALSE),"") -> Elastic Collisions | O83: =IF(N83="","",COUNTIF($N$6:N2202, N83)) -> 15 | P83: =IFERROR(IF(VLOOKUP(G83,Demos!$B$3:$K$1368,6,FALSE)=0,"",VLOOKUP(G83,Demos!$B$3:$K$1368,6,FALSE)),"") -> www.de-monstrare.nl/pdf/Elastic%20collisions.pdf | Q83: =IFERROR(IF(VLOOKUP(G83,Demos!$B$3:$K$1368,8,FALSE)=0,"",VLOOKUP(G83,Demos!$B$3:$K$1368,8,FALSE)),"") | R83: =IFERROR(IF(VLOOKUP(G83,Demos!$B$3:$K$1368,7,FALSE)=0,"",VLOOKUP(G83,Demos!$B$3:$K$1368,7,FALSE)),"") | U83: =IFERROR(VLOOKUP(G83,Demos!$B$7:N5892,12,FALSE),"")
A84: =ROW()-5 -> 79 | B84: WB1135 | C84: =IFERROR(VLOOKUP(B84, Courses!$C$3:$E$836, 2, FALSE),"") -> Dynamica | D84: =IFERROR(VLOOKUP(MID(G84,1,1), PIRA!$B$1:$E$1146, 2, FALSE),"") -> 1 Mechanics | E84: =IFERROR(VLOOKUP(MID(G84,1,2),PIRA!$B$1:$E$1144,2,FALSE),"")&" "&IFERROR(VLOOKUP(MID(H84,1,2),PIRA!$B$1:$E$1144,2,FALSE),"")&" "&IFERROR(VLOOKUP(MID(I84,1,2),PIRA!$B$1:$E$1144,2,FALSE),"") -> Linear Momentum and Collisions | F84: =IFERROR(VLOOKUP(MID(G84,1,4),PIRA!$B$1:$E$1144,2,FALSE),"")&" "&IFERROR(VLOOKUP(MID(H84,1,4),PIRA!$B$1:$E$1144,2,FALSE),"")&" "&IFERROR(VLOOKUP(MID(I84,1,4),PIRA!$B$1:$E$1144,2,FALSE),"") -> Conservation of Linear Momentum | G84: 1N20.02 | H84: =IFERROR(IF(VLOOKUP(G84,Demos!$B$3:$K$1368,2,FALSE)=0,"",VLOOKUP(G84,Demos!$B$3:$K$1368,2,FALSE)),"") | I84: =IFERROR(IF(VLOOKUP(G84,Demos!$B$3:$K$1368,3,FALSE)=0,"",VLOOKUP(G84,Demos!$B$3:$K$1368,3,FALSE)),"") | J84: =IFERROR(IF(VLOOKUP(G84,Demos!$B$3:$K$1368,4,FALSE)=0,"",VLOOKUP(G84,Demos!$B$3:$K$1368,4,FALSE)),"") | K84: Peter Steeneken | M84: 45357 | N84: =IFERROR(VLOOKUP(G84,Demos!$B$3:$K$1368,5,FALSE),"") -> Inelastic Collisions | O84: =IF(N84="","",COUNTIF($N$6:N2203, N84)) -> 15 | P84: =IFERROR(IF(VLOOKUP(G84,Demos!$B$3:$K$1368,6,FALSE)=0,"",VLOOKUP(G84,Demos!$B$3:$K$1368,6,FALSE)),"") -> www.de-monstrare.nl/pdf/Inelastic%20collisions.pdf | Q84: =IFERROR(IF(VLOOKUP(G84,Demos!$B$3:$K$1368,8,FALSE)=0,"",VLOOKUP(G84,Demos!$B$3:$K$1368,8,FALSE)),"") | R84: =IFERROR(IF(VLOOKUP(G84,Demos!$B$3:$K$1368,7,FALSE)=0,"",VLOOKUP(G84,Demos!$B$3:$K$1368,7,FALSE)),"") | U84: =IFERROR(VLOOKUP(G84,Demos!$B$7:N5890,12,FALSE),"")
A85: =ROW()-5 -> 80 | B85: WB1135 | C85: =IFERROR(VLOOKUP(B85, Courses!$C$3:$E$836, 2, FALSE),"") -> Dynamica | D85: =IFERROR(VLOOKUP(MID(G85,1,1), PIRA!$B$1:$E$1146, 2, FALSE),"") -> 1 Mechanics | E85: =IFERROR(VLOOKUP(MID(G85,1,2),PIRA!$B$1:$E$1144,2,FALSE),"")&" "&IFERROR(VLOOKUP(MID(H85,1,2),PIRA!$B$1:$E$1144,2,FALSE),"")&" "&IFERROR(VLOOKUP(MID(I85,1,2),PIRA!$B$1:$E$1144,2,FALSE),"") -> Linear Momentum and Collisions Stellar Astronomy Relative Motion | F85: =IFERROR(VLOOKUP(MID(G85,1,4),PIRA!$B$1:$E$1144,2,FALSE),"")&" "&IFERROR(VLOOKUP(MID(H85,1,4),PIRA!$B$1:$E$1144,2,FALSE),"")&" "&IFERROR(VLOOKUP(MID(I85,1,4),PIRA!$B$1:$E$1144,2,FALSE),"") -> Collisions in One Dimension The Sun Moving Reference Frames | G85: 1N30.60 | H85: =IFERROR(IF(VLOOKUP(G85,Demos!$B$3:$K$1368,2,FALSE)=0,"",VLOOKUP(G85,Demos!$B$3:$K$1368,2,FALSE)),"") -> 8B10.50 | I85: =IFERROR(IF(VLOOKUP(G85,Demos!$B$3:$K$1368,3,FALSE)=0,"",VLOOKUP(G85,Demos!$B$3:$K$1368,3,FALSE)),"") -> 1E10.01 | J85: =IFERROR(IF(VLOOKUP(G85,Demos!$B$3:$K$1368,4,FALSE)=0,"",VLOOKUP(G85,Demos!$B$3:$K$1368,4,FALSE)),"") -> 1N20.09 | K85: Peter Steeneken | M85: 45357 | N85: =IFERROR(VLOOKUP(G85,Demos!$B$3:$K$1368,5,FALSE),"") -> Super Balls, Double Ball Drop | O85: =IF(N85="","",COUNTIF($N$6:N2204, N85)) -> 45 | P85: =IFERROR(IF(VLOOKUP(G85,Demos!$B$3:$K$1368,6,FALSE)=0,"",VLOOKUP(G85,Demos!$B$3:$K$1368,6,FALSE)),"") -> www.de-monstrare.nl/pdf/Superballs.pdf | Q85: =IFERROR(IF(VLOOKUP(G85,Demos!$B$3:$K$1368,8,FALSE)=0,"",VLOOKUP(G85,Demos!$B$3:$K$1368,8,FALSE)),"") | R85: =IFERROR(IF(VLOOKUP(G85,Demos!$B$3:$K$1368,7,FALSE)=0,"",VLOOKUP(G85,Demos!$B$3:$K$1368,7,FALSE)),"") -> See Collegerama 2022 recording TN1612TU_10 from 01:17:10 - https://collegerama.tudelft.nl/Mediasite/Channel/as-bsc-tn/watch/b282d0ac7af745eba483f6120bc37f2d1d | U85: =IFERROR(VLOOKUP(G85,Demos!$B$7:N5891,12,FALSE),"")
A86: =ROW()-5 -> 81 | B86: TN1612TU | C86: =IFERROR(VLOOKUP(B86, Courses!$C$3:$E$836, 2, FALSE),"") -> Mechanics and Theory of Relativity | D86: =IFERROR(VLOOKUP(MID(G86,1,1), PIRA!$B$1:$E$1146, 2, FALSE),"") -> 3 Oscillations and Waves | E86: =IFERROR(VLOOKUP(MID(G86,1,2),PIRA!$B$1:$E$1144,2,FALSE),"")&" "&IFERROR(VLOOKUP(MID(H86,1,2),PIRA!$B$1:$E$1144,2,FALSE),"")&" "&IFERROR(VLOOKUP(MID(I86,1,2),PIRA!$B$1:$E$1144,2,FALSE),"") -> Oscillations | F86: =IFERROR(VLOOKUP(MID(G86,1,4),PIRA!$B$1:$E$1144,2,FALSE),"")&" "&IFERROR(VLOOKUP(MID(H86,1,4),PIRA!$B$1:$E$1144,2,FALSE),"")&" "&IFERROR(VLOOKUP(MID(I86,1,4),PIRA!$B$1:$E$1144,2,FALSE),"") -> Damped Oscillators | G86: 3A50.02 | H86: =IFERROR(IF(VLOOKUP(G86,Demos!$B$3:$K$1368,2,FALSE)=0,"",VLOOKUP(G86,Demos!$B$3:$K$1368,2,FALSE)),"") | I86: =IFERROR(IF(VLOOKUP(G86,Demos!$B$3:$K$1368,3,FALSE)=0,"",VLOOKUP(G86,Demos!$B$3:$K$1368,3,FALSE)),"") | J86: =IFERROR(IF(VLOOKUP(G86,Demos!$B$3:$K$1368,4,FALSE)=0,"",VLOOKUP(G86,Demos!$B$3:$K$1368,4,FALSE)),"") | K86: Bernd Rieger | L86: Rob Mudde | M86: 45357 | N86: =IFERROR(VLOOKUP(G86,Demos!$B$3:$K$1368,5,FALSE),"") -> Damped Pendulum | O86: =IF(N86="","",COUNTIF($N$6:N2205, N86)) -> 11 | P86: =IFERROR(IF(VLOOKUP(G86,Demos!$B$3:$K$1368,6,FALSE)=0,"",VLOOKUP(G86,Demos!$B$3:$K$1368,6,FALSE)),"") -> N/A | Q86: =IFERROR(IF(VLOOKUP(G86,Demos!$B$3:$K$1368,8,FALSE)=0,"",VLOOKUP(G86,Demos!$B$3:$K$1368,8,FALSE)),"") | R86: =IFERROR(IF(VLOOKUP(G86,Demos!$B$3:$K$1368,7,FALSE)=0,"",VLOOKUP(G86,Demos!$B$3:$K$1368,7,FALSE)),"") -> See Collegerama 2022 recording TN1612TU_13 - https://collegerama.tudelft.nl/Mediasite/Channel/as-bsc-tn/watch/f6468acd43774fe6bb7af784bb7ea65a1d | U86: =IFERROR(VLOOKUP(G86,Demos!$B$7:N5979,12,FALSE),"")
A87: =ROW()-5 -> 82 | B87: TN1612TU | C87: =IFERROR(VLOOKUP(B87, Courses!$C$3:$E$836, 2, FALSE),"") -> Mechanics and Theory of Relativity | D87: =IFERROR(VLOOKUP(MID(G87,1,1), PIRA!$B$1:$E$1146, 2, FALSE),"") -> 3 Oscillations and Waves | E87: =IFERROR(VLOOKUP(MID(G87,1,2),PIRA!$B$1:$E$1144,2,FALSE),"")&" "&IFERROR(VLOOKUP(MID(H87,1,2),PIRA!$B$1:$E$1144,2,FALSE),"")&" "&IFERROR(VLOOKUP(MID(I87,1,2),PIRA!$B$1:$E$1144,2,FALSE),"") -> Instruments | F87: =IFERROR(VLOOKUP(MID(G87,1,4),PIRA!$B$1:$E$1144,2,FALSE),"")&" "&IFERROR(VLOOKUP(MID(H87,1,4),PIRA!$B$1:$E$1144,2,FALSE),"")&" "&IFERROR(VLOOKUP(MID(I87,1,4),PIRA!$B$1:$E$1144,2,FALSE),"") -> Resonance in Plates, Bars, Solids | G87: 3D40.55 | H87: =IFERROR(IF(VLOOKUP(G87,Demos!$B$3:$K$1368,2,FALSE)=0,"",VLOOKUP(G87,Demos!$B$3:$K$1368,2,FALSE)),"") | I87: =IFERROR(IF(VLOOKUP(G87,Demos!$B$3:$K$1368,3,FALSE)=0,"",VLOOKUP(G87,Demos!$B$3:$K$1368,3,FALSE)),"") | J87: =IFERROR(IF(VLOOKUP(G87,Demos!$B$3:$K$1368,4,FALSE)=0,"",VLOOKUP(G87,Demos!$B$3:$K$1368,4,FALSE)),"") | K87: Rob Mudde | L87: Bernd Rieger | M87: 45357 | N87: =IFERROR(VLOOKUP(G87,Demos!$B$3:$K$1368,5,FALSE),"") -> Glass Breaking with Sound | O87: =IF(N87="","",COUNTIF($N$6:N2206, N87)) -> 16 | P87: =IFERROR(IF(VLOOKUP(G87,Demos!$B$3:$K$1368,6,FALSE)=0,"",VLOOKUP(G87,Demos!$B$3:$K$1368,6,FALSE)),"") -> N/A | Q87: =IFERROR(IF(VLOOKUP(G87,Demos!$B$3:$K$1368,8,FALSE)=0,"",VLOOKUP(G87,Demos!$B$3:$K$1368,8,FALSE)),"") -> Not listed in database yet | R87: =IFERROR(IF(VLOOKUP(G87,Demos!$B$3:$K$1368,7,FALSE)=0,"",VLOOKUP(G87,Demos!$B$3:$K$1368,7,FALSE)),"") | T87: No (cancelled) | U87: =IFERROR(VLOOKUP(G87,Demos!$B$7:N5980,12,FALSE),"")
A88: =ROW()-5 -> 83 | B88: TN1612TU | C88: =IFERROR(VLOOKUP(B88, Courses!$C$3:$E$836, 2, FALSE),"") -> Mechanics and Theory of Relativity | D88: =IFERROR(VLOOKUP(MID(G88,1,1), PIRA!$B$1:$E$1146, 2, FALSE),"") | E88: =IFERROR(VLOOKUP(MID(G88,1,2),PIRA!$B$1:$E$1144,2,FALSE),"")&" "&IFERROR(VLOOKUP(MID(H88,1,2),PIRA!$B$1:$E$1144,2,FALSE),"")&" "&IFERROR(VLOOKUP(MID(I88,1,2),PIRA!$B$1:$E$1144,2,FALSE),"") | F88: =IFERROR(VLOOKUP(MID(G88,1,4),PIRA!$B$1:$E$1144,2,FALSE),"")&" "&IFERROR(VLOOKUP(MID(H88,1,4),PIRA!$B$1:$E$1144,2,FALSE),"")&" "&IFERROR(VLOOKUP(MID(I88,1,4),PIRA!$B$1:$E$1144,2,FALSE),"") | H88: =IFERROR(IF(VLOOKUP(G88,Demos!$B$3:$K$1368,2,FALSE)=0,"",VLOOKUP(G88,Demos!$B$3:$K$1368,2,FALSE)),"") | I88: =IFERROR(IF(VLOOKUP(G88,Demos!$B$3:$K$1368,3,FALSE)=0,"",VLOOKUP(G88,Demos!$B$3:$K$1368,3,FALSE)),"") | J88: =IFERROR(IF(VLOOKUP(G88,Demos!$B$3:$K$1368,4,FALSE)=0,"",VLOOKUP(G88,Demos!$B$3:$K$1368,4,FALSE)),"") | K88: Bernd Rieger | L88: Rob Mudde | M88: 45357 | N88: =IFERROR(VLOOKUP(G88,Demos!$B$3:$K$1368,5,FALSE),"") | O88: =IF(N88="","",COUNTIF($N$6:N2207, N88)) | P88: =IFERROR(IF(VLOOKUP(G88,Demos!$B$3:$K$1368,6,FALSE)=0,"",VLOOKUP(G88,Demos!$B$3:$K$1368,6,FALSE)),"") | Q88: =IFERROR(IF(VLOOKUP(G88,Demos!$B$3:$K$1368,8,FALSE)=0,"",VLOOKUP(G88,Demos!$B$3:$K$1368,8,FALSE)),"") | R88: =IFERROR(IF(VLOOKUP(G88,Demos!$B$3:$K$1368,7,FALSE)=0,"",VLOOKUP(G88,Demos!$B$3:$K$1368,7,FALSE)),"") | T88: No (cancelled) | U88: =IFERROR(VLOOKUP(G88,Demos!$B$7:N5983,12,FALSE),"")
A89: =ROW()-5 -> 84 | B89: TN1531TW | C89: =IFERROR(VLOOKUP(B89, Courses!$C$3:$E$836, 2, FALSE),"") -> Mechanics and Theory of Relativity | D89: =IFERROR(VLOOKUP(MID(G89,1,1), PIRA!$B$1:$E$1146, 2, FALSE),"") -> 1 Mechanics | E89: =IFERROR(VLOOKUP(MID(G89,1,2),PIRA!$B$1:$E$1144,2,FALSE),"")&" "&IFERROR(VLOOKUP(MID(H89,1,2),PIRA!$B$1:$E$1144,2,FALSE),"")&" "&IFERROR(VLOOKUP(MID(I89,1,2),PIRA!$B$1:$E$1144,2,FALSE),"") -> Gravity Planetary Astronomy Rotational Dynamics | F89: =IFERROR(VLOOKUP(MID(G89,1,4),PIRA!$B$1:$E$1144,2,FALSE),"")&" "&IFERROR(VLOOKUP(MID(H89,1,4),PIRA!$B$1:$E$1144,2,FALSE),"")&" "&IFERROR(VLOOKUP(MID(I89,1,4),PIRA!$B$1:$E$1144,2,FALSE),"") -> Orbits Solar System Mechanics Gyros | G89: 1L20.17 | H89: =IFERROR(IF(VLOOKUP(G89,Demos!$B$3:$K$1368,2,FALSE)=0,"",VLOOKUP(G89,Demos!$B$3:$K$1368,2,FALSE)),"") -> 8A10.02 | I89: =IFERROR(IF(VLOOKUP(G89,Demos!$B$3:$K$1368,3,FALSE)=0,"",VLOOKUP(G89,Demos!$B$3:$K$1368,3,FALSE)),"") -> 1Q50.02 | J89: =IFERROR(IF(VLOOKUP(G89,Demos!$B$3:$K$1368,4,FALSE)=0,"",VLOOKUP(G89,Demos!$B$3:$K$1368,4,FALSE)),"") | K89: Natalia Chepiga | M89: 45355 | N89: =IFERROR(VLOOKUP(G89,Demos!$B$3:$K$1368,5,FALSE),"") -> Precessing Orbit (1) | O89: =IF(N89="","",COUNTIF($N$6:N2208, N89)) -> 15 | P89: =IFERROR(IF(VLOOKUP(G89,Demos!$B$3:$K$1368,6,FALSE)=0,"",VLOOKUP(G89,Demos!$B$3:$K$1368,6,FALSE)),"") -> www.de-monstrare.nl/pdf/Precessing%20orbit%20_1_.pdf | Q89: =IFERROR(IF(VLOOKUP(G89,Demos!$B$3:$K$1368,8,FALSE)=0,"",VLOOKUP(G89,Demos!$B$3:$K$1368,8,FALSE)),"") | R89: =IFERROR(IF(VLOOKUP(G89,Demos!$B$3:$K$1368,7,FALSE)=0,"",VLOOKUP(G89,Demos!$B$3:$K$1368,7,FALSE)),"") | T89: No (lecturer decided not to use demo) | U89: =IFERROR(VLOOKUP(G89,Demos!$B$7:N5965,12,FALSE),"")
A90: =ROW()-5 -> 85 | B90: TN1531TW | C90: =IFERROR(VLOOKUP(B90, Courses!$C$3:$E$836, 2, FALSE),"") -> Mechanics and Theory of Relativity | D90: =IFERROR(VLOOKUP(MID(G90,1,1), PIRA!$B$1:$E$1146, 2, FALSE),"") -> 1 Mechanics | E90: =IFERROR(VLOOKUP(MID(G90,1,2),PIRA!$B$1:$E$1144,2,FALSE),"")&" "&IFERROR(VLOOKUP(MID(H90,1,2),PIRA!$B$1:$E$1144,2,FALSE),"")&" "&IFERROR(VLOOKUP(MID(I90,1,2),PIRA!$B$1:$E$1144,2,FALSE),"") -> Rotational Dynamics | F90: =IFERROR(VLOOKUP(MID(G90,1,4),PIRA!$B$1:$E$1144,2,FALSE),"")&" "&IFERROR(VLOOKUP(MID(H90,1,4),PIRA!$B$1:$E$1144,2,FALSE),"")&" "&IFERROR(VLOOKUP(MID(I90,1,4),PIRA!$B$1:$E$1144,2,FALSE),"") -> Gyros | G90: 1Q50.04 | H90: =IFERROR(IF(VLOOKUP(G90,Demos!$B$3:$K$1368,2,FALSE)=0,"",VLOOKUP(G90,Demos!$B$3:$K$1368,2,FALSE)),"") | I90: =IFERROR(IF(VLOOKUP(G90,Demos!$B$3:$K$1368,3,FALSE)=0,"",VLOOKUP(G90,Demos!$B$3:$K$1368,3,FALSE)),"") | J90: =IFERROR(IF(VLOOKUP(G90,Demos!$B$3:$K$1368,4,FALSE)=0,"",VLOOKUP(G90,Demos!$B$3:$K$1368,4,FALSE)),"") | K90: Natalia Chepiga | M90: 45355 | N90: =IFERROR(VLOOKUP(G90,Demos!$B$3:$K$1368,5,FALSE),"") -> Precession (2) | O90: =IF(N90="","",COUNTIF($N$6:N2209, N90)) -> 63 | P90: =IFERROR(IF(VLOOKUP(G90,Demos!$B$3:$K$1368,6,FALSE)=0,"",VLOOKUP(G90,Demos!$B$3:$K$1368,6,FALSE)),"") -> www.de-monstrare.nl/pdf/Precession%20_2_.pdf | Q90: =IFERROR(IF(VLOOKUP(G90,Demos!$B$3:$K$1368,8,FALSE)=0,"",VLOOKUP(G90,Demos!$B$3:$K$1368,8,FALSE)),"") | R90: =IFERROR(IF(VLOOKUP(G90,Demos!$B$3:$K$1368,7,FALSE)=0,"",VLOOKUP(G90,Demos!$B$3:$K$1368,7,FALSE)),"") | T90: No (lecturer decided not to use demo) | U90: =IFERROR(VLOOKUP(G90,Demos!$B$7:N5964,12,FALSE),"")
A91: =ROW()-5 -> 86 | B91: TN1531TW | C91: =IFERROR(VLOOKUP(B91, Courses!$C$3:$E$836, 2, FALSE),"") -> Mechanics and Theory of Relativity | D91: =IFERROR(VLOOKUP(MID(G91,1,1), PIRA!$B$1:$E$1146, 2, FALSE),"") -> 1 Mechanics | E91: =IFERROR(VLOOKUP(MID(G91,1,2),PIRA!$B$1:$E$1144,2,FALSE),"")&" "&IFERROR(VLOOKUP(MID(H91,1,2),PIRA!$B$1:$E$1144,2,FALSE),"")&" "&IFERROR(VLOOKUP(MID(I91,1,2),PIRA!$B$1:$E$1144,2,FALSE),"") -> Rotational Dynamics | F91: =IFERROR(VLOOKUP(MID(G91,1,4),PIRA!$B$1:$E$1144,2,FALSE),"")&" "&IFERROR(VLOOKUP(MID(H91,1,4),PIRA!$B$1:$E$1144,2,FALSE),"")&" "&IFERROR(VLOOKUP(MID(I91,1,4),PIRA!$B$1:$E$1144,2,FALSE),"") -> Gyros | G91: 1Q50.20 | H91: =IFERROR(IF(VLOOKUP(G91,Demos!$B$3:$K$1368,2,FALSE)=0,"",VLOOKUP(G91,Demos!$B$3:$K$1368,2,FALSE)),"") | I91: =IFERROR(IF(VLOOKUP(G91,Demos!$B$3:$K$1368,3,FALSE)=0,"",VLOOKUP(G91,Demos!$B$3:$K$1368,3,FALSE)),"") | J91: =IFERROR(IF(VLOOKUP(G91,Demos!$B$3:$K$1368,4,FALSE)=0,"",VLOOKUP(G91,Demos!$B$3:$K$1368,4,FALSE)),"") | K91: Natalia Chepiga | M91: 45355 | N91: =IFERROR(VLOOKUP(G91,Demos!$B$3:$K$1368,5,FALSE),"") -> Gyroscope | O91: =IF(N91="","",COUNTIF($N$6:N2210, N91)) -> 36 | P91: =IFERROR(IF(VLOOKUP(G91,Demos!$B$3:$K$1368,6,FALSE)=0,"",VLOOKUP(G91,Demos!$B$3:$K$1368,6,FALSE)),"") -> N/A | Q91: =IFERROR(IF(VLOOKUP(G91,Demos!$B$3:$K$1368,8,FALSE)=0,"",VLOOKUP(G91,Demos!$B$3:$K$1368,8,FALSE)),"") | R91: =IFERROR(IF(VLOOKUP(G91,Demos!$B$3:$K$1368,7,FALSE)=0,"",VLOOKUP(G91,Demos!$B$3:$K$1368,7,FALSE)),"") | T91: No (lecturer decided not to use demo) | U91: =IFERROR(VLOOKUP(G91,Demos!$B$7:N5966,12,FALSE),"")
A92: =ROW()-5 -> 87 | B92: TN1531TW | C92: =IFERROR(VLOOKUP(B92, Courses!$C$3:$E$836, 2, FALSE),"") -> Mechanics and Theory of Relativity | D92: =IFERROR(VLOOKUP(MID(G92,1,1), PIRA!$B$1:$E$1146, 2, FALSE),"") -> 1 Mechanics | E92: =IFERROR(VLOOKUP(MID(G92,1,2),PIRA!$B$1:$E$1144,2,FALSE),"")&" "&IFERROR(VLOOKUP(MID(H92,1,2),PIRA!$B$1:$E$1144,2,FALSE),"")&" "&IFERROR(VLOOKUP(MID(I92,1,2),PIRA!$B$1:$E$1144,2,FALSE),"") -> Rotational Dynamics | F92: =IFERROR(VLOOKUP(MID(G92,1,4),PIRA!$B$1:$E$1144,2,FALSE),"")&" "&IFERROR(VLOOKUP(MID(H92,1,4),PIRA!$B$1:$E$1144,2,FALSE),"")&" "&IFERROR(VLOOKUP(MID(I92,1,4),PIRA!$B$1:$E$1144,2,FALSE),"") -> Gyros | G92: 1Q50.40 | H92: =IFERROR(IF(VLOOKUP(G92,Demos!$B$3:$K$1368,2,FALSE)=0,"",VLOOKUP(G92,Demos!$B$3:$K$1368,2,FALSE)),"") | I92: =IFERROR(IF(VLOOKUP(G92,Demos!$B$3:$K$1368,3,FALSE)=0,"",VLOOKUP(G92,Demos!$B$3:$K$1368,3,FALSE)),"") | J92: =IFERROR(IF(VLOOKUP(G92,Demos!$B$3:$K$1368,4,FALSE)=0,"",VLOOKUP(G92,Demos!$B$3:$K$1368,4,FALSE)),"") | K92: Natalia Chepiga | M92: 45355 | N92: =IFERROR(VLOOKUP(G92,Demos!$B$3:$K$1368,5,FALSE),"") -> Suitcase with Flywheel | O92: =IF(N92="","",COUNTIF($N$6:N2211, N92)) -> 24 | P92: =IFERROR(IF(VLOOKUP(G92,Demos!$B$3:$K$1368,6,FALSE)=0,"",VLOOKUP(G92,Demos!$B$3:$K$1368,6,FALSE)),"") -> N/A | Q92: =IFERROR(IF(VLOOKUP(G92,Demos!$B$3:$K$1368,8,FALSE)=0,"",VLOOKUP(G92,Demos!$B$3:$K$1368,8,FALSE)),"") | R92: =IFERROR(IF(VLOOKUP(G92,Demos!$B$3:$K$1368,7,FALSE)=0,"",VLOOKUP(G92,Demos!$B$3:$K$1368,7,FALSE)),"") -> See Collegerama 2022 recording TN1612TU_20 - https://collegerama.tudelft.nl/Mediasite/Channel/as-bsc-tn/watch/1a0c74c4eaf54cb7aa9b646d254fee821d | T92: No (lecturer decided not to use demo) | U92: =IFERROR(VLOOKUP(G92,Demos!$B$7:N5962,12,FALSE),"")
A93: =ROW()-5 -> 88 | B93: TN1531TW | C93: =IFERROR(VLOOKUP(B93, Courses!$C$3:$E$836, 2, FALSE),"") -> Mechanics and Theory of Relativity | D93: =IFERROR(VLOOKUP(MID(G93,1,1), PIRA!$B$1:$E$1146, 2, FALSE),"") -> 1 Mechanics | E93: =IFERROR(VLOOKUP(MID(G93,1,2),PIRA!$B$1:$E$1144,2,FALSE),"")&" "&IFERROR(VLOOKUP(MID(H93,1,2),PIRA!$B$1:$E$1144,2,FALSE),"")&" "&IFERROR(VLOOKUP(MID(I93,1,2),PIRA!$B$1:$E$1144,2,FALSE),"") -> Rotational Dynamics | F93: =IFERROR(VLOOKUP(MID(G93,1,4),PIRA!$B$1:$E$1144,2,FALSE),"")&" "&IFERROR(VLOOKUP(MID(H93,1,4),PIRA!$B$1:$E$1144,2,FALSE),"")&" "&IFERROR(VLOOKUP(MID(I93,1,4),PIRA!$B$1:$E$1144,2,FALSE),"") -> Rotational Stability | G93: 1Q60.06 | H93: =IFERROR(IF(VLOOKUP(G93,Demos!$B$3:$K$1368,2,FALSE)=0,"",VLOOKUP(G93,Demos!$B$3:$K$1368,2,FALSE)),"") | I93: =IFERROR(IF(VLOOKUP(G93,Demos!$B$3:$K$1368,3,FALSE)=0,"",VLOOKUP(G93,Demos!$B$3:$K$1368,3,FALSE)),"") | J93: =IFERROR(IF(VLOOKUP(G93,Demos!$B$3:$K$1368,4,FALSE)=0,"",VLOOKUP(G93,Demos!$B$3:$K$1368,4,FALSE)),"") | K93: Natalia Chepiga | M93: 45355 | N93: =IFERROR(VLOOKUP(G93,Demos!$B$3:$K$1368,5,FALSE),"") -> Sleeper | O93: =IF(N93="","",COUNTIF($N$6:N2212, N93)) -> 12 | P93: =IFERROR(IF(VLOOKUP(G93,Demos!$B$3:$K$1368,6,FALSE)=0,"",VLOOKUP(G93,Demos!$B$3:$K$1368,6,FALSE)),"") -> www.de-monstrare.nl/pdf/Sleeper.pdf | Q93: =IFERROR(IF(VLOOKUP(G93,Demos!$B$3:$K$1368,8,FALSE)=0,"",VLOOKUP(G93,Demos!$B$3:$K$1368,8,FALSE)),"") | R93: =IFERROR(IF(VLOOKUP(G93,Demos!$B$3:$K$1368,7,FALSE)=0,"",VLOOKUP(G93,Demos!$B$3:$K$1368,7,FALSE)),"") | T93: No (lecturer decided not to use demo) | U93: =IFERROR(VLOOKUP(G93,Demos!$B$7:N5963,12,FALSE),"")
A94: =ROW()-5 -> 89 | B94: TN1531TW | C94: =IFERROR(VLOOKUP(B94, Courses!$C$3:$E$836, 2, FALSE),"") -> Mechanics and Theory of Relativity | D94: =IFERROR(VLOOKUP(MID(G94,1,1), PIRA!$B$1:$E$1146, 2, FALSE),"") -> 1 Mechanics | E94: =IFERROR(VLOOKUP(MID(G94,1,2),PIRA!$B$1:$E$1144,2,FALSE),"")&" "&IFERROR(VLOOKUP(MID(H94,1,2),PIRA!$B$1:$E$1144,2,FALSE),"")&" "&IFERROR(VLOOKUP(MID(I94,1,2),PIRA!$B$1:$E$1144,2,FALSE),"") -> Rotational Dynamics Rotational Dynamics | F94: =IFERROR(VLOOKUP(MID(G94,1,4),PIRA!$B$1:$E$1144,2,FALSE),"")&" "&IFERROR(VLOOKUP(MID(H94,1,4),PIRA!$B$1:$E$1144,2,FALSE),"")&" "&IFERROR(VLOOKUP(MID(I94,1,4),PIRA!$B$1:$E$1144,2,FALSE),"") -> Rotational Stability Conservation of Angular Momentum | G94: 1Q60.30 | H94: =IFERROR(IF(VLOOKUP(G94,Demos!$B$3:$K$1368,2,FALSE)=0,"",VLOOKUP(G94,Demos!$B$3:$K$1368,2,FALSE)),"") -> 1Q40.12 | I94: =IFERROR(IF(VLOOKUP(G94,Demos!$B$3:$K$1368,3,FALSE)=0,"",VLOOKUP(G94,Demos!$B$3:$K$1368,3,FALSE)),"") | J94: =IFERROR(IF(VLOOKUP(G94,Demos!$B$3:$K$1368,4,FALSE)=0,"",VLOOKUP(G94,Demos!$B$3:$K$1368,4,FALSE)),"") | K94: Natalia Chepiga | M94: 45355 | N94: =IFERROR(VLOOKUP(G94,Demos!$B$3:$K$1368,5,FALSE),"") -> Tippe Top | O94: =IF(N94="","",COUNTIF($N$6:N2213, N94)) -> 26 | P94: =IFERROR(IF(VLOOKUP(G94,Demos!$B$3:$K$1368,6,FALSE)=0,"",VLOOKUP(G94,Demos!$B$3:$K$1368,6,FALSE)),"") -> www.de-monstrare.nl/pdf/Tippe%20top.pdf | Q94: =IFERROR(IF(VLOOKUP(G94,Demos!$B$3:$K$1368,8,FALSE)=0,"",VLOOKUP(G94,Demos!$B$3:$K$1368,8,FALSE)),"") | R94: =IFERROR(IF(VLOOKUP(G94,Demos!$B$3:$K$1368,7,FALSE)=0,"",VLOOKUP(G94,Demos!$B$3:$K$1368,7,FALSE)),"") -> See Collegerama 2022 recording TN1612TU_20 - https://collegerama.tudelft.nl/Mediasite/Channel/as-bsc-tn/watch/1a0c74c4eaf54cb7aa9b646d254fee821d | T94: No (lecturer decided not to use demo) | U94: =IFERROR(VLOOKUP(G94,Demos!$B$7:N5961,12,FALSE),"")
A95: =ROW()-5 -> 90 | B95: TN1612TU | C95: =IFERROR(VLOOKUP(B95, Courses!$C$3:$E$836, 2, FALSE),"") -> Mechanics and Theory of Relativity | D95: =IFERROR(VLOOKUP(MID(G95,1,1), PIRA!$B$1:$E$1146, 2, FALSE),"") -> 3 Oscillations and Waves | E95: =IFERROR(VLOOKUP(MID(G95,1,2),PIRA!$B$1:$E$1144,2,FALSE),"")&" "&IFERROR(VLOOKUP(MID(H95,1,2),PIRA!$B$1:$E$1144,2,FALSE),"")&" "&IFERROR(VLOOKUP(MID(I95,1,2),PIRA!$B$1:$E$1144,2,FALSE),"") -> Oscillations | F95: =IFERROR(VLOOKUP(MID(G95,1,4),PIRA!$B$1:$E$1144,2,FALSE),"")&" "&IFERROR(VLOOKUP(MID(H95,1,4),PIRA!$B$1:$E$1144,2,FALSE),"")&" "&IFERROR(VLOOKUP(MID(I95,1,4),PIRA!$B$1:$E$1144,2,FALSE),"") | G95: 3A00.00 | H95: =IFERROR(IF(VLOOKUP(G95,Demos!$B$3:$K$1368,2,FALSE)=0,"",VLOOKUP(G95,Demos!$B$3:$K$1368,2,FALSE)),"") | I95: =IFERROR(IF(VLOOKUP(G95,Demos!$B$3:$K$1368,3,FALSE)=0,"",VLOOKUP(G95,Demos!$B$3:$K$1368,3,FALSE)),"") | J95: =IFERROR(IF(VLOOKUP(G95,Demos!$B$3:$K$1368,4,FALSE)=0,"",VLOOKUP(G95,Demos!$B$3:$K$1368,4,FALSE)),"") | K95: Rob Mudde | L95: Bernd Rieger | M95: 45354 | N95: =IFERROR(VLOOKUP(G95,Demos!$B$3:$K$1368,5,FALSE),"") -> Harmonic/Anharmonic Pendulum | O95: =IF(N95="","",COUNTIF($N$6:N2214, N95)) -> 14 | P95: =IFERROR(IF(VLOOKUP(G95,Demos!$B$3:$K$1368,6,FALSE)=0,"",VLOOKUP(G95,Demos!$B$3:$K$1368,6,FALSE)),"") -> N/A | Q95: =IFERROR(IF(VLOOKUP(G95,Demos!$B$3:$K$1368,8,FALSE)=0,"",VLOOKUP(G95,Demos!$B$3:$K$1368,8,FALSE)),"") | R95: =IFERROR(IF(VLOOKUP(G95,Demos!$B$3:$K$1368,7,FALSE)=0,"",VLOOKUP(G95,Demos!$B$3:$K$1368,7,FALSE)),"") -> See Collegerama 2022 recording TN1612TU_12 - from 00:38:41 - https://collegerama.tudelft.nl/Mediasite/Channel/as-bsc-tn/watch/9bdd448f06bb46fdb8fb8fefe25db6ed1d | U95: =IFERROR(VLOOKUP(G95,Demos!$B$7:N5986,12,FALSE),"")
A96: =ROW()-5 -> 91 | B96: TN1612TU | C96: =IFERROR(VLOOKUP(B96, Courses!$C$3:$E$836, 2, FALSE),"") -> Mechanics and Theory of Relativity | D96: =IFERROR(VLOOKUP(MID(G96,1,1), PIRA!$B$1:$E$1146, 2, FALSE),"") -> 3 Oscillations and Waves | E96: =IFERROR(VLOOKUP(MID(G96,1,2),PIRA!$B$1:$E$1144,2,FALSE),"")&" "&IFERROR(VLOOKUP(MID(H96,1,2),PIRA!$B$1:$E$1144,2,FALSE),"")&" "&IFERROR(VLOOKUP(MID(I96,1,2),PIRA!$B$1:$E$1144,2,FALSE),"") -> Oscillations | F96: =IFERROR(VLOOKUP(MID(G96,1,4),PIRA!$B$1:$E$1144,2,FALSE),"")&" "&IFERROR(VLOOKUP(MID(H96,1,4),PIRA!$B$1:$E$1144,2,FALSE),"")&" "&IFERROR(VLOOKUP(MID(I96,1,4),PIRA!$B$1:$E$1144,2,FALSE),"") | G96: 3A00.00 | H96: =IFERROR(IF(VLOOKUP(G96,Demos!$B$3:$K$1368,2,FALSE)=0,"",VLOOKUP(G96,Demos!$B$3:$K$1368,2,FALSE)),"") | I96: =IFERROR(IF(VLOOKUP(G96,Demos!$B$3:$K$1368,3,FALSE)=0,"",VLOOKUP(G96,Demos!$B$3:$K$1368,3,FALSE)),"") | J96: =IFERROR(IF(VLOOKUP(G96,Demos!$B$3:$K$1368,4,FALSE)=0,"",VLOOKUP(G96,Demos!$B$3:$K$1368,4,FALSE)),"") | K96: Rob Mudde | L96: Bernd Rieger | M96: 45354 | N96: =IFERROR(VLOOKUP(G96,Demos!$B$3:$K$1368,5,FALSE),"") -> Harmonic/Anharmonic Pendulum | O96: =IF(N96="","",COUNTIF($N$6:N2215, N96)) -> 14 | P96: =IFERROR(IF(VLOOKUP(G96,Demos!$B$3:$K$1368,6,FALSE)=0,"",VLOOKUP(G96,Demos!$B$3:$K$1368,6,FALSE)),"") -> N/A | Q96: =IFERROR(IF(VLOOKUP(G96,Demos!$B$3:$K$1368,8,FALSE)=0,"",VLOOKUP(G96,Demos!$B$3:$K$1368,8,FALSE)),"") | R96: =IFERROR(IF(VLOOKUP(G96,Demos!$B$3:$K$1368,7,FALSE)=0,"",VLOOKUP(G96,Demos!$B$3:$K$1368,7,FALSE)),"") -> See Collegerama 2022 recording TN1612TU_12 - from 00:38:41 - https://collegerama.tudelft.nl/Mediasite/Channel/as-bsc-tn/watch/9bdd448f06bb46fdb8fb8fefe25db6ed1d | U96: =IFERROR(VLOOKUP(G96,Demos!$B$7:N5987,12,FALSE),"")
A97: =ROW()-5 -> 92 | B97: EE1200 | C97: =IFERROR(VLOOKUP(B97, Courses!$C$3:$E$836, 2, FALSE),"") -> Classical and Quantum Mechanics | D97: =IFERROR(VLOOKUP(MID(G97,1,1), PIRA!$B$1:$E$1146, 2, FALSE),"") -> 3 Oscillations and Waves | E97: =IFERROR(VLOOKUP(MID(G97,1,2),PIRA!$B$1:$E$1144,2,FALSE),"")&" "&IFERROR(VLOOKUP(MID(H97,1,2),PIRA!$B$1:$E$1144,2,FALSE),"")&" "&IFERROR(VLOOKUP(MID(I97,1,2),PIRA!$B$1:$E$1144,2,FALSE),"") -> Oscillations | F97: =IFERROR(VLOOKUP(MID(G97,1,4),PIRA!$B$1:$E$1144,2,FALSE),"")&" "&IFERROR(VLOOKUP(MID(H97,1,4),PIRA!$B$1:$E$1144,2,FALSE),"")&" "&IFERROR(VLOOKUP(MID(I97,1,4),PIRA!$B$1:$E$1144,2,FALSE),"") -> Physical Pendula | G97: 3A15.01 | H97: =IFERROR(IF(VLOOKUP(G97,Demos!$B$3:$K$1368,2,FALSE)=0,"",VLOOKUP(G97,Demos!$B$3:$K$1368,2,FALSE)),"") | I97: =IFERROR(IF(VLOOKUP(G97,Demos!$B$3:$K$1368,3,FALSE)=0,"",VLOOKUP(G97,Demos!$B$3:$K$1368,3,FALSE)),"") | J97: =IFERROR(IF(VLOOKUP(G97,Demos!$B$3:$K$1368,4,FALSE)=0,"",VLOOKUP(G97,Demos!$B$3:$K$1368,4,FALSE)),"") | K97: Filipe Arroyo Cardoso | L97: L Abelman | M97: 45354 | N97: =IFERROR(VLOOKUP(G97,Demos!$B$3:$K$1368,5,FALSE),"") -> Physical Pendulum (1) Compound Pendulum | O97: =IF(N97="","",COUNTIF($N$6:N2216, N97)) -> 10 | P97: =IFERROR(IF(VLOOKUP(G97,Demos!$B$3:$K$1368,6,FALSE)=0,"",VLOOKUP(G97,Demos!$B$3:$K$1368,6,FALSE)),"") -> www.de-monstrare.nl/pdf/Physical%20pendulum%20_1_%20-%20Compound%20pendulum.pdf | Q97: =IFERROR(IF(VLOOKUP(G97,Demos!$B$3:$K$1368,8,FALSE)=0,"",VLOOKUP(G97,Demos!$B$3:$K$1368,8,FALSE)),"") | R97: =IFERROR(IF(VLOOKUP(G97,Demos!$B$3:$K$1368,7,FALSE)=0,"",VLOOKUP(G97,Demos!$B$3:$K$1368,7,FALSE)),"") | T97: No (lecturer decided not to use demo) | U97: =IFERROR(VLOOKUP(G97,Demos!$B$7:N5972,12,FALSE),"")
A98: =ROW()-5 -> 93 | B98: EE1200 | C98: =IFERROR(VLOOKUP(B98, Courses!$C$3:$E$836, 2, FALSE),"") -> Classical and Quantum Mechanics | D98: =IFERROR(VLOOKUP(MID(G98,1,1), PIRA!$B$1:$E$1146, 2, FALSE),"") -> 3 Oscillations and Waves | E98: =IFERROR(VLOOKUP(MID(G98,1,2),PIRA!$B$1:$E$1144,2,FALSE),"")&" "&IFERROR(VLOOKUP(MID(H98,1,2),PIRA!$B$1:$E$1144,2,FALSE),"")&" "&IFERROR(VLOOKUP(MID(I98,1,2),PIRA!$B$1:$E$1144,2,FALSE),"") -> Wave Motion | F98: =IFERROR(VLOOKUP(MID(G98,1,4),PIRA!$B$1:$E$1144,2,FALSE),"")&" "&IFERROR(VLOOKUP(MID(H98,1,4),PIRA!$B$1:$E$1144,2,FALSE),"")&" "&IFERROR(VLOOKUP(MID(I98,1,4),PIRA!$B$1:$E$1144,2,FALSE),"") -> Transverse Pulses and Waves | G98: 3B10.02 | H98: =IFERROR(IF(VLOOKUP(G98,Demos!$B$3:$K$1368,2,FALSE)=0,"",VLOOKUP(G98,Demos!$B$3:$K$1368,2,FALSE)),"") | I98: =IFERROR(IF(VLOOKUP(G98,Demos!$B$3:$K$1368,3,FALSE)=0,"",VLOOKUP(G98,Demos!$B$3:$K$1368,3,FALSE)),"") | J98: =IFERROR(IF(VLOOKUP(G98,Demos!$B$3:$K$1368,4,FALSE)=0,"",VLOOKUP(G98,Demos!$B$3:$K$1368,4,FALSE)),"") | K98: Filipe Arroyo Cardoso | L98: L Abelman | M98: 45354 | N98: =IFERROR(VLOOKUP(G98,Demos!$B$3:$K$1368,5,FALSE),"") -> Speed of a Single Pulse on Different Strings (2) | O98: =IF(N98="","",COUNTIF($N$6:N2217, N98)) -> 23 | P98: =IFERROR(IF(VLOOKUP(G98,Demos!$B$3:$K$1368,6,FALSE)=0,"",VLOOKUP(G98,Demos!$B$3:$K$1368,6,FALSE)),"") -> www.de-monstrare.nl/pdf/Speed%20of%20a%20single%20pulse%20on%20different%20strings%20_2_.pdf | Q98: =IFERROR(IF(VLOOKUP(G98,Demos!$B$3:$K$1368,8,FALSE)=0,"",VLOOKUP(G98,Demos!$B$3:$K$1368,8,FALSE)),"") | R98: =IFERROR(IF(VLOOKUP(G98,Demos!$B$3:$K$1368,7,FALSE)=0,"",VLOOKUP(G98,Demos!$B$3:$K$1368,7,FALSE)),"") -> See: https://surfdrive.surf.nl/files/index.php/s/DHZYIhoACURx7O8?path=%2FHaaksman%2FTN2345%2F2.%20Speed%20of%20a%20Single%20Pulse%20on%20Different%20Strings | T98: No (lecturer decided not to use demo) | U98: =IFERROR(VLOOKUP(G98,Demos!$B$7:N5969,12,FALSE),"")
A99: =ROW()-5 -> 94 | B99: EE1200 | C99: =IFERROR(VLOOKUP(B99, Courses!$C$3:$E$836, 2, FALSE),"") -> Classical and Quantum Mechanics | D99: =IFERROR(VLOOKUP(MID(G99,1,1), PIRA!$B$1:$E$1146, 2, FALSE),"") -> 3 Oscillations and Waves | E99: =IFERROR(VLOOKUP(MID(G99,1,2),PIRA!$B$1:$E$1144,2,FALSE),"")&" "&IFERROR(VLOOKUP(MID(H99,1,2),PIRA!$B$1:$E$1144,2,FALSE),"")&" "&IFERROR(VLOOKUP(MID(I99,1,2),PIRA!$B$1:$E$1144,2,FALSE),"") -> Wave Motion | F99: =IFERROR(VLOOKUP(MID(G99,1,4),PIRA!$B$1:$E$1144,2,FALSE),"")&" "&IFERROR(VLOOKUP(MID(H99,1,4),PIRA!$B$1:$E$1144,2,FALSE),"")&" "&IFERROR(VLOOKUP(MID(I99,1,4),PIRA!$B$1:$E$1144,2,FALSE),"") -> Longitudinal Pulses and Waves | G99: 3B20.30 | H99: =IFERROR(IF(VLOOKUP(G99,Demos!$B$3:$K$1368,2,FALSE)=0,"",VLOOKUP(G99,Demos!$B$3:$K$1368,2,FALSE)),"") | I99: =IFERROR(IF(VLOOKUP(G99,Demos!$B$3:$K$1368,3,FALSE)=0,"",VLOOKUP(G99,Demos!$B$3:$K$1368,3,FALSE)),"") | J99: =IFERROR(IF(VLOOKUP(G99,Demos!$B$3:$K$1368,4,FALSE)=0,"",VLOOKUP(G99,Demos!$B$3:$K$1368,4,FALSE)),"") | K99: Filipe Arroyo Cardoso | L99: L Abelman | M99: 45354 | N99: =IFERROR(VLOOKUP(G99,Demos!$B$3:$K$1368,5,FALSE),"") -> Wave Machine | O99: =IF(N99="","",COUNTIF($N$6:N2218, N99)) -> 23 | P99: =IFERROR(IF(VLOOKUP(G99,Demos!$B$3:$K$1368,6,FALSE)=0,"",VLOOKUP(G99,Demos!$B$3:$K$1368,6,FALSE)),"") -> www.de-monstrare.nl/pdf/Reflections%20of%20transverse%20pulses%20_2_.pdf | Q99: =IFERROR(IF(VLOOKUP(G99,Demos!$B$3:$K$1368,8,FALSE)=0,"",VLOOKUP(G99,Demos!$B$3:$K$1368,8,FALSE)),"") -> Not listed in database yet | R99: =IFERROR(IF(VLOOKUP(G99,Demos!$B$3:$K$1368,7,FALSE)=0,"",VLOOKUP(G99,Demos!$B$3:$K$1368,7,FALSE)),"") | T99: No (lecturer decided not to use demo) | U99: =IFERROR(VLOOKUP(G99,Demos!$B$7:N5968,12,FALSE),"")
A100: =ROW()-5 -> 95 | B100: EE1200 | C100: =IFERROR(VLOOKUP(B100, Courses!$C$3:$E$836, 2, FALSE),"") -> Classical and Quantum Mechanics | D100: =IFERROR(VLOOKUP(MID(G100,1,1), PIRA!$B$1:$E$1146, 2, FALSE),"") -> 3 Oscillations and Waves | E100: =IFERROR(VLOOKUP(MID(G100,1,2),PIRA!$B$1:$E$1144,2,FALSE),"")&" "&IFERROR(VLOOKUP(MID(H100,1,2),PIRA!$B$1:$E$1144,2,FALSE),"")&" "&IFERROR(VLOOKUP(MID(I100,1,2),PIRA!$B$1:$E$1144,2,FALSE),"") -> Acoustics Wave Motion | F100: =IFERROR(VLOOKUP(MID(G100,1,4),PIRA!$B$1:$E$1144,2,FALSE),"")&" "&IFERROR(VLOOKUP(MID(H100,1,4),PIRA!$B$1:$E$1144,2,FALSE),"")&" "&IFERROR(VLOOKUP(MID(I100,1,4),PIRA!$B$1:$E$1144,2,FALSE),"") -> Wave Analysis and Synthesis Standing Waves | G100: 3C50.01 | H100: =IFERROR(IF(VLOOKUP(G100,Demos!$B$3:$K$1368,2,FALSE)=0,"",VLOOKUP(G100,Demos!$B$3:$K$1368,2,FALSE)),"") -> 3B22.05 | I100: =IFERROR(IF(VLOOKUP(G100,Demos!$B$3:$K$1368,3,FALSE)=0,"",VLOOKUP(G100,Demos!$B$3:$K$1368,3,FALSE)),"") | J100: =IFERROR(IF(VLOOKUP(G100,Demos!$B$3:$K$1368,4,FALSE)=0,"",VLOOKUP(G100,Demos!$B$3:$K$1368,4,FALSE)),"") | K100: Filipe Arroyo Cardoso | L100: L Abelman | M100: 45354 | N100: =IFERROR(VLOOKUP(G100,Demos!$B$3:$K$1368,5,FALSE),"") -> Plucking a String | O100: =IF(N100="","",COUNTIF($N$6:N2219, N100)) -> 24 | P100: =IFERROR(IF(VLOOKUP(G100,Demos!$B$3:$K$1368,6,FALSE)=0,"",VLOOKUP(G100,Demos!$B$3:$K$1368,6,FALSE)),"") -> www.de-monstrare.nl/pdf/Plucking%20a%20string.pdf | Q100: =IFERROR(IF(VLOOKUP(G100,Demos!$B$3:$K$1368,8,FALSE)=0,"",VLOOKUP(G100,Demos!$B$3:$K$1368,8,FALSE)),"") | R100: =IFERROR(IF(VLOOKUP(G100,Demos!$B$3:$K$1368,7,FALSE)=0,"",VLOOKUP(G100,Demos!$B$3:$K$1368,7,FALSE)),"") -> See: https://surfdrive.surf.nl/files/index.php/s/DHZYIhoACURx7O8?path=%2FHaaksman%2FTN2345%2F1.%20Plucking%20a%20String | T100: No (lecturer decided not to use demo) | U100: =IFERROR(VLOOKUP(G100,Demos!$B$7:N5970,12,FALSE),"")
A101: =ROW()-5 -> 96 | B101: EE1200 | C101: =IFERROR(VLOOKUP(B101, Courses!$C$3:$E$836, 2, FALSE),"") -> Classical and Quantum Mechanics | D101: =IFERROR(VLOOKUP(MID(G101,1,1), PIRA!$B$1:$E$1146, 2, FALSE),"") -> 3 Oscillations and Waves | E101: =IFERROR(VLOOKUP(MID(G101,1,2),PIRA!$B$1:$E$1144,2,FALSE),"")&" "&IFERROR(VLOOKUP(MID(H101,1,2),PIRA!$B$1:$E$1144,2,FALSE),"")&" "&IFERROR(VLOOKUP(MID(I101,1,2),PIRA!$B$1:$E$1144,2,FALSE),"") -> Instruments | F101: =IFERROR(VLOOKUP(MID(G101,1,4),PIRA!$B$1:$E$1144,2,FALSE),"")&" "&IFERROR(VLOOKUP(MID(H101,1,4),PIRA!$B$1:$E$1144,2,FALSE),"")&" "&IFERROR(VLOOKUP(MID(I101,1,4),PIRA!$B$1:$E$1144,2,FALSE),"") -> Resonance in Plates, Bars, Solids | G101: 3D40.55 | H101: =IFERROR(IF(VLOOKUP(G101,Demos!$B$3:$K$1368,2,FALSE)=0,"",VLOOKUP(G101,Demos!$B$3:$K$1368,2,FALSE)),"") | I101: =IFERROR(IF(VLOOKUP(G101,Demos!$B$3:$K$1368,3,FALSE)=0,"",VLOOKUP(G101,Demos!$B$3:$K$1368,3,FALSE)),"") | J101: =IFERROR(IF(VLOOKUP(G101,Demos!$B$3:$K$1368,4,FALSE)=0,"",VLOOKUP(G101,Demos!$B$3:$K$1368,4,FALSE)),"") | K101: Filipe Arroyo Cardoso | L101: L Abelman | M101: 45354 | N101: =IFERROR(VLOOKUP(G101,Demos!$B$3:$K$1368,5,FALSE),"") -> Glass Breaking with Sound | O101: =IF(N101="","",COUNTIF($N$6:N2220, N101)) -> 16 | P101: =IFERROR(IF(VLOOKUP(G101,Demos!$B$3:$K$1368,6,FALSE)=0,"",VLOOKUP(G101,Demos!$B$3:$K$1368,6,FALSE)),"") -> N/A | Q101: =IFERROR(IF(VLOOKUP(G101,Demos!$B$3:$K$1368,8,FALSE)=0,"",VLOOKUP(G101,Demos!$B$3:$K$1368,8,FALSE)),"") -> Not listed in database yet | R101: =IFERROR(IF(VLOOKUP(G101,Demos!$B$3:$K$1368,7,FALSE)=0,"",VLOOKUP(G101,Demos!$B$3:$K$1368,7,FALSE)),"") | T101: No (lecturer decided not to use demo) | U101: =IFERROR(VLOOKUP(G101,Demos!$B$7:N5973,12,FALSE),"")
...

Sheet Stats
B1: Demonstrations (out of total count)
B5: Continue on: | C5: =$C$9 -> 45473
B6: Color coding acc. course
B8: Start date: | C8: =MIN(Overview!M:M) -> 40544
B9: End date: | C9: =MAX(Overview!M:M) -> 45473
B10: Total Days: | C10: =($C$9-$C$8) -> 4929 | D10: (w weekends)
B11: Network Days: | C11: =NETWORKDAYS.INTL($C$8,$C$9) -> 3520 | D11: (w/o weekends)
B12: Total weeks in period: | C12: =INT(($C$9-$C$8)/7) -> 704 | D12: (w weekends)
B13: Total weeks (network days): | C13: =$C$11/7 -> 502.85714 | D13: (w/o weekends) | F13: =+INT(DATEDIF(C8,C9,"D")/7)&"."&MOD(DATEDIF(C8,C9,"D"),7) -> 704.1
D15: (52 wks / yr) | F15: (w/o weekends)
C16: Demonstrated | D16: Demonstrated | F16: Demonstrated
C17: [Demos all periods] | D17: [Demos / week] | E17: [%] | F17: [Demos / week] | G17: [%]
A18: =SUM(C19:C24) -> 1680 | B18: Total demos | C18: =COUNTIF(Overview!$B:$B,"<>"&"") -> 2531 | D18: =C18/$C$12 -> 3.5951705 | E18: =D18/$D$18*100 -> 100 | F18: =C18/$C$13 -> 5.0332386 | G18: =F18/$F$18*100 -> 100 | H18: =COUNTIF(Overview!$B:$B,"*") -> 2531
B19: ='Shown (YesNo)'!B5 -> Yes (myself) | C19: =COUNTIF(Overview!$T:$T,'Shown (YesNo)'!B5) -> 772 | D19: =C19/$C$12 -> 1.0965909 | E19: =D19/$D$18*100 -> 30.501778 | F19: =C19/$C$13 -> 1.5352273 | G19: =F19/$F$18*100 -> 30.501778
B20: ='Shown (YesNo)'!B6 -> Yes (lecturer) | C20: =COUNTIF(Overview!$T:$T,'Shown (YesNo)'!B6) -> 449 | D20: =C20/$C$12 -> 0.63778409 | E20: =D20/$D$18*100 -> 17.740024 | F20: =C20/$C$13 -> 0.89289773 | G20: =F20/$F$18*100 -> 17.740024
B21: ='Shown (YesNo)'!B7 -> Yes (me and lecturer) | C21: =COUNTIF(Overview!$T:$T,'Shown (YesNo)'!B7) -> 379 | D21: =C21/$C$12 -> 0.53835227 | E21: =D21/$D$18*100 -> 14.974318 | F21: =C21/$C$13 -> 0.75369318 | G21: =F21/$F$18*100 -> 14.974318 | H21: =SUM(F19:F21) -> 3.1818182 | I21: Demos/week shown
B22: ='Shown (YesNo)'!B9 -> No (no setup available yet) | C22: =COUNTIF(Overview!$T:$T,'Shown (YesNo)'!B9) -> 35 | D22: =C22/$C$12 -> 0.049715909 | E22: =D22/$D$18*100 -> 1.3828526 | F22: =C22/$C$13 -> 0.069602273 | G22: =F22/$F$18*100 -> 1.3828526
B23: ='Shown (YesNo)'!B11 -> No (setup done) | C23: =COUNTIF(Overview!$T:$T,'Shown (YesNo)'!B11) -> 10 | D23: =C23/$C$12 -> 0.014204545 | E23: =D23/$D$18*100 -> 0.39510075 | F23: =C23/$C$13 -> 0.019886364 | G23: =F23/$F$18*100 -> 0.39510075
B24: ='Shown (YesNo)'!B12 -> No (no setup done) | C24: =COUNTIF(Overview!$T:$T,'Shown (YesNo)'!B12) -> 35 | D24: =C24/$C$12 -> 0.049715909 | E24: =D24/$D$18*100 -> 1.3828526 | F24: =C24/$C$13 -> 0.069602273 | G24: =F24/$F$18*100 -> 1.3828526
B25: ='Shown (YesNo)'!B13 -> No (lack of time) | C25: =COUNTIF(Overview!$T:$T,'Shown (YesNo)'!B13) -> 121 | D25: =C25/$C$12 -> 0.171875 | E25: =D25/$D$18*100 -> 4.7807191 | F25: =C25/$C$13 -> 0.240625 | G25: =F25/$F$18*100 -> 4.7807191
B26: ='Shown (YesNo)'!B14 -> No (cancelled) | C26: =COUNTIF(Overview!$T:$T,'Shown (YesNo)'!B14) -> 116 | D26: =C26/$C$12 -> 0.16477273 | E26: =D26/$D$18*100 -> 4.5831687 | F26: =C26/$C$13 -> 0.23068182 | G26: =F26/$F$18*100 -> 4.5831687
B27: ='Shown (YesNo)'!B15 -> No (lecturer forgot) | C27: =COUNTIF(Overview!$T:$T,'Shown (YesNo)'!B15) -> 12 | D27: =C27/$C$12 -> 0.017045455 | E27: =D27/$D$18*100 -> 0.4741209 | F27: =C27/$C$13 -> 0.023863636 | G27: =F27/$F$18*100 -> 0.4741209
B28: ='Shown (YesNo)'!B16 -> No (lecturer decided not to use demo) | C28: =COUNTIF(Overview!$T:$T,'Shown (YesNo)'!B16) -> 257 | D28: =C28/$C$12 -> 0.36505682 | E28: =D28/$D$18*100 -> 10.154089 | F28: =C28/$C$13 -> 0.51107955 | G28: =F28/$F$18*100 -> 10.154089
B29: ='Shown (YesNo)'!B17 -> No (no recording available) | C29: =COUNTIF(Overview!$T:$T,'Shown (YesNo)'!B17) -> 16 | D29: =C29/$C$12 -> 0.022727273 | E29: =D29/$D$18*100 -> 0.6321612 | F29: =C29/$C$13 -> 0.031818182 | G29: =F29/$F$18*100 -> 0.6321612
B30: ='Shown (YesNo)'!B18 -> No (lecturer used the video recording) | C30: =COUNTIF(Overview!$T:$T,'Shown (YesNo)'!B18) -> 15 | D30: =C30/$C$12 -> 0.021306818 | E30: =D30/$D$18*100 -> 0.59265113 | F30: =C30/$C$13 -> 0.029829545 | G30: =F30/$F$18*100 -> 0.59265113
B31: ='Shown (YesNo)'!B19 -> No (cancelled due to COVID-19 crisis) | C31: =COUNTIF(Overview!$T:$T,'Shown (YesNo)'!B19) -> 12 | D31: =C31/$C$12 -> 0.017045455 | E31: =D31/$D$18*100 -> 0.4741209 | F31: =C31/$C$13 -> 0.023863636 | G31: =F31/$F$18*100 -> 0.4741209
B32: ='Shown (YesNo)'!B20 -> No (setup cannot be transported) | C32: =COUNTIF(Overview!$T:$T,'Shown (YesNo)'!B20) -> 6 | D32: =C32/$C$12 -> 0.0085227273 | E32: =D32/$D$18*100 -> 0.23706045 | F32: =C32/$C$13 -> 0.011931818 | G32: =F32/$F$18*100 -> 0.23706045
B33: ='Shown (YesNo)'!B21 -> No (I had to demonstrate at a parallel lecture) | C33: =COUNTIF(Overview!$T:$T,'Shown (YesNo)'!B21) -> 2 | D33: =C33/$C$12 -> 0.0028409091 | E33: =D33/$D$18*100 -> 0.07902015 | F33: =C33/$C$13 -> 0.0039772727 | G33: =F33/$F$18*100 -> 0.07902015
B34: No indication | C34: =COUNTIF(Overview!$T:$T,"??") -> 0 | E34: =D34/$D$18*100 -> 0 | G34: =F34/$F$18*100 -> 0
B35: Total demos demonstrated | C35: =SUM(C19:C21) -> 1600 | D35: =C35/$C$12 -> 2.2727273 | E35: =D35/$D$18*100 -> 63.21612 | F35: =C35/$C$13 -> 3.1818182 | G35: =F35/$F$18*100 -> 63.21612
B36: Total demos not demonstrated | C36: =SUM(C23:C26) -> 282 | D36: =C36/$C$12 -> 0.40056818 | E36: =D36/$D$18*100 -> 11.141841 | F36: =C36/$C$13 -> 0.56079545 | G36: =F36/$F$18*100 -> 11.141841
D37: =SUM(D19:D21) -> 2.2727273 | G37: =SUM(G19:G34) -> 88.384038
C40: Total Demos Avialable per Field
A42: 1 | B42: =Demos!B5 -> 1 Mechanics | C42: =COUNTIF(Demos!$B:$B,"1*") -> 127
A43: 2 | B43: =Demos!B144 -> 2 Fluid Mechanics | C43: =COUNTIF(Demos!$B:$B,"2*") -> 11
A44: 3 | B44: =Demos!B161 -> 3 Oscillations and Waves | C44: =COUNTIF(Demos!$B:$B,"3*") -> 42
A45: 4 | B45: =Demos!B210 -> 4 Thermodynamics | C45: =COUNTIF(Demos!$B:$B,"4*") -> 28
A46: 5 | B46: =Demos!B245 -> 5 Electricity and Magnetism | C46: =COUNTIF(Demos!$B:$B,"5*") -> 68
A47: 6 | B47: =Demos!B326 -> 6 Optics | C47: =COUNTIF(Demos!$B:$B,"6*") -> 45
A48: 7 | B48: =Demos!B380 -> 7 Modern Physics | C48: =COUNTIF(Demos!$B:$B,"7*") -> 13
A49: 8 | B49: =Demos!B400 -> 8 Astronomy | C49: =COUNTIF(Demos!$B:$B,"8*") -> 1
A50: 9 | B50: =Demos!B406 -> 9 Equipment | C50: =COUNTIF(Demos!$B:$B,"9*") -> 2
B52: Total Demos Available | C52: =SUM(C42:C50) -> 337

Sheet Stats (courses)
B1: Note: | C1: Figures include demonstrations not shown (no I corrected for this on 14 dec 2022, by including criteria: Overview!$S:$S,"*Yes*")
C2: (i.e. these figure do not include cells where no selection was made in column S (demonstrated [Y/N] on the Overview tab)
D4: Total number of demonstrations per course | AN4: Relative number of demonstrations per course [%]
D5: =Courses!C6 -> EE1200 | E5: =Courses!C7 -> TN1612TU | F5: =Courses!C8 -> TN1531TW | G5: =Courses!C9 -> TN4110TA | H5: =Courses!C10 -> AESB1320TN | I5: =Courses!C11 -> TN1301 | J5: =Courses!C12 -> TN2321 | K5: =Courses!C13 -> TN2345 | L5: =Courses!C14 -> TN1201 | M5: =Courses!C15 -> TN1321 | N5: =Courses!C16 -> TN1662 | O5: =Courses!C17 -> TN2053 | P5: =Courses!C18 -> TN4010TA | Q5: =Courses!C19 -> TN2421 | R5: =Courses!C20 -> TN1311 | S5: =Courses!C21 -> TN1622 | T5: =Courses!C22 -> TN2785 | U5: =Courses!C23 -> 4052FYSTRY | V5: =Courses!C24 -> EE1P11 | W5: =Courses!C25 -> TN2054 | X5: =Courses!C26 -> NB1142 | Y5: =Courses!C27 -> StudExp | Z5: =Courses!C28 -> StatMechThermo | AA5: =Courses!C29 -> WI1423NB | AB5: =Courses!C30 -> AE2230-II | AC5: =Courses!C31 -> NB2041 | AD5: =Courses!C32 -> TN1404-P | AE5: =Courses!C33 -> WI2180LR-I | AF5: =Courses!C36 -> ================ | AG5: =Courses!C37 -> Open Days | AH5: =Courses!C38 -> Parents Days | AI5: =Courses!C39 -> Outreach | AJ5: =Courses!C40 -> Matching Day | AN5: Normalised over total number of demos for all courses in a college year
A6: Begin Date | B6: End Date | C6: Course | D6: =Courses!D6 -> Classical and Quantum Mechanics | E6: =Courses!D7 -> Mechanics and Theory of Relativity | F6: =Courses!D8 -> Mechanics and Theory of Relativity | G6: =Courses!D9 -> Mechanics I | H6: =Courses!D10 -> Mechanics I | I6: =Courses!D11 -> Introduction to Mechanics, Waves and Optics | J6: =Courses!D12 -> Classical Mechanics | K6: =Courses!D13 -> Introduction to Waves | L6: =Courses!D14 -> Thermodynamics | M6: =Courses!D15 -> Introduction to Electricity and Magnetism | N6: =Courses!D16 -> Physics 2 | O6: =Courses!D17 -> Electromagnetism | P6: =Courses!D18 -> Electricity and Magnetism | Q6: =Courses!D19 -> Optics | R6: =Courses!D20 -> Modern Physics | S6: =Courses!D21 -> Physics of Everyday Life | T6: =Courses!D22 -> Physical Transport Phenomena | U6: =Courses!D23 -> Physical Transport Phenomena | V6: =Courses!D24 -> Classical and Quantum Mechanics | W6: =Courses!D25 -> Electromagnetism | X6: =Courses!D26 -> Physics 1A | Y6: =Courses!D27 -> Student Experiment | Z6: =Courses!D28 -> Statistical Mechanics and Thermodynamics | AA6: =Courses!D29 -> Analysis | AB6: =Courses!D30 -> Propulsion and Power | AC6: =Courses!D31 -> Optics and Microscopy | AD6: =Courses!D32 -> Natuurkundig Practicum | AE6: =Courses!D33 -> Differential Equations | AF6: =Courses!D36 -> 0 | AG6: =Courses!D37 -> Open Days | AH6: =Courses!D38 -> Parents Days | AI6: =Courses!D39 -> Outreach | AJ6: =Courses!D40 -> Matching Day | AL6: Total | AN6: =D6 -> Classical and Quantum Mechanics | AO6: =E6 -> Mechanics and Theory of Relativity | AP6: =F6 -> Mechanics and Theory of Relativity | AQ6: =G6 -> Mechanics I | AR6: =H6 -> Mechanics I | AS6: =I6 -> Introduction to Mechanics, Waves and Optics | AT6: =J6 -> Classical Mechanics | AU6: =K6 -> Introduction to Waves | ... BT6: =AJ6 -> Matching Day
A8: =Stats!$C$8 -> 40544 | B8: =MAX(Overview!M:M) -> 45473 | C8: Full Period | D8: =COUNTIF(Overview!$B:$B,Courses!C6) -> 398 | E8: =COUNTIF(Overview!$B:$B,Courses!C7) -> 538 | F8: =COUNTIF(Overview!$B:$B,Courses!C8) -> 217 | G8: =COUNTIF(Overview!$B:$B,Courses!C9) -> 8 | H8: =COUNTIF(Overview!$B:$B,Courses!C10) -> 10 | I8: =COUNTIF(Overview!$B:$B,Courses!C11) -> 168 | J8: =COUNTIF(Overview!$B:$B,Courses!C12) -> 32 | K8: =COUNTIF(Overview!$B:$B,Courses!C13) -> 173 | L8: =COUNTIF(Overview!$B:$B,Courses!C14) -> 61 | M8: =COUNTIF(Overview!$B:$B,Courses!C15) -> 192 | N8: =COUNTIF(Overview!$B:$B,Courses!C16) -> 1 | O8: =COUNTIF(Overview!$B:$B,Courses!C17) -> 0 | P8: =COUNTIF(Overview!$B:$B,Courses!C18) -> 28 | Q8: =COUNTIF(Overview!$B:$B,Courses!C19) -> 98 | R8: =COUNTIF(Overview!$B:$B,Courses!C20) -> 63 | S8: =COUNTIF(Overview!$B:$B,Courses!C21) -> 42 | T8: =COUNTIF(Overview!$B:$B,Courses!C22) -> 90 | U8: =COUNTIF(Overview!$B:$B,Courses!C23) -> 14 | V8: =COUNTIF(Overview!$B:$B,Courses!C24) -> 0 | W8: =COUNTIF(Overview!$B:$B,Courses!C25) -> 85 | X8: =COUNTIF(Overview!$B:$B,Courses!C26) -> 169 | Y8: =COUNTIF(Overview!$B:$B,Courses!C27) -> 2 | Z8: =COUNTIF(Overview!$B:$B,Courses!C28) -> 11 | AA8: =COUNTIF(Overview!$B:$B,Courses!C29) -> 1 | AB8: =COUNTIF(Overview!$B:$B,Courses!C30) -> 6 | AC8: =COUNTIF(Overview!$B:$B,Courses!C31) -> 18 | AD8: =COUNTIF(Overview!$B:$B,Courses!C32) -> 16 | AE8: =COUNTIF(Overview!$B:$B,Courses!C33) -> 3 | AF8: =COUNTIF(Overview!$B:$B,Courses!C36) -> 0 | AG8: =COUNTIF(Overview!$B:$B,Courses!C37) -> 27 | AH8: =COUNTIF(Overview!$B:$B,Courses!C38) -> 2 | AI8: =COUNTIF(Overview!$B:$B,Courses!C39) -> 7 | AJ8: =COUNTIF(Overview!$B:$B,Courses!D40) -> 22 | AL8: =SUM(D8:AJ8) -> 2502
C10: Cummulative | D10: =SUM(D12:D20) -> 217 | E10: =SUM(E12:E20) -> 316 | F10: =SUM(F12:F20) -> 125 | G10: =SUM(G12:G20) -> 7 | H10: =SUM(H12:H20) -> 9 | I10: =SUM(I12:I20) -> 94 | J10: =SUM(J12:J20) -> 19 | K10: =SUM(K12:K20) -> 96 | ... AJ10: =SUM(AJ12:AJ20) -> 9 | AL10: =SUM(D10:AJ10) -> 1407
A12: 41153 | B12: 41456 | C12: 2012/13 | D12: =COUNTIFS(Overview!$M:$M,">="&A12,Overview!$M:$M,"<="&B12,Overview!$B:$B,$D$5,Overview!$T:$T,"*Yes*") -> 33 | E12: =COUNTIFS(Overview!$M:$M,">="&A12,Overview!$M:$M,"<="&B12,Overview!$B:$B,$E$5,Overview!$T:$T,"*Yes*") -> 39 | F12: =COUNTIFS(Overview!$M:$M,">="&A12,Overview!$M:$M,"<="&B12,Overview!$B:$B,$F$5,Overview!$T:$T,"*Yes*") -> 0 | G12: =COUNTIFS(Overview!$M:$M,">="&A12,Overview!$M:$M,"<="&B12,Overview!$B:$B,$G$5,Overview!$T:$T,"*Yes*") -> 6 | H12: =COUNTIFS(Overview!$M:$M,">="&A12,Overview!$M:$M,"<="&B12,Overview!$B:$B,$H$5,Overview!$T:$T,"*Yes*") -> 0 | I12: =COUNTIFS(Overview!$M:$M,">="&A12,Overview!$M:$M,"<="&B12,Overview!$B:$B,$I$5,Overview!$T:$T,"*Yes*") -> 0 | J12: =COUNTIFS(Overview!$M:$M,">="&A12,Overview!$M:$M,"<="&B12,Overview!$B:$B,$J$5,Overview!$T:$T,"*Yes*") -> 6 | K12: =COUNTIFS(Overview!$M:$M,">="&A12,Overview!$M:$M,"<="&B12,Overview!$B:$B,$K$5,Overview!$T:$T,"*Yes*") -> 5 | L12: =COUNTIFS(Overview!$M:$M,">="&A12,Overview!$M:$M,"<="&B12,Overview!$B:$B,$L$5,Overview!$T:$T,"*Yes*") -> 0 | M12: =COUNTIFS(Overview!$M:$M,">="&A12,Overview!$M:$M,"<="&B12,Overview!$B:$B,$M$5,Overview!$T:$T,"*Yes*") -> 15 | N12: =COUNTIFS(Overview!$M:$M,">="&A12,Overview!$M:$M,"<="&B12,Overview!$B:$B,$N$5,Overview!$T:$T,"*Yes*") -> 0 | O12: =COUNTIFS(Overview!$M:$M,">="&A12,Overview!$M:$M,"<="&B12,Overview!$B:$B,$O$5,Overview!$T:$T,"*Yes*") -> 0 | P12: =COUNTIFS(Overview!$M:$M,">="&A12,Overview!$M:$M,"<="&B12,Overview!$B:$B,$P$5,Overview!$T:$T,"*Yes*") -> 14 | Q12: =COUNTIFS(Overview!$M:$M,">="&A12,Overview!$M:$M,"<="&B12,Overview!$B:$B,$Q$5,Overview!$T:$T,"*Yes*") -> 0 | R12: =COUNTIFS(Overview!$M:$M,">="&A12,Overview!$M:$M,"<="&B12,Overview!$B:$B,$R$5,Overview!$T:$T,"*Yes*") -> 5 | S12: =COUNTIFS(Overview!$M:$M,">="&A12,Overview!$M:$M,"<="&B12,Overview!$B:$B,$S$5,Overview!$T:$T,"*Yes*") -> 10 | T12: =COUNTIFS(Overview!$M:$M,">="&A12,Overview!$M:$M,"<="&B12,Overview!$B:$B,$T$5,Overview!$T:$T,"*Yes*") -> 0 | U12: =COUNTIFS(Overview!$M:$M,">="&A12,Overview!$M:$M,"<="&B12,Overview!$B:$B,$U$5,Overview!$T:$T,"*Yes*") -> 0 | V12: =COUNTIFS(Overview!$M:$M,">="&A12,Overview!$M:$M,"<="&B12,Overview!$B:$B,$V$5,Overview!$T:$T,"*Yes*") -> 0 | W12: =COUNTIFS(Overview!$M:$M,">="&A12,Overview!$M:$M,"<="&B12,Overview!$B:$B,$W$5,Overview!$T:$T,"*Yes*") -> 11 | X12: =COUNTIFS(Overview!$M:$M,">="&A12,Overview!$M:$M,"<="&B12,Overview!$B:$B,$X$5,Overview!$T:$T,"*Yes*") -> 0 | Y12: =COUNTIFS(Overview!$M:$M,">="&A12,Overview!$M:$M,"<="&B12,Overview!$B:$B,$Y$5,Overview!$T:$T,"*Yes*") -> 1 | Z12: =COUNTIFS(Overview!$M:$M,">="&A12,Overview!$M:$M,"<="&B12,Overview!$B:$B,$Z$5,Overview!$T:$T,"*Yes*") -> 0 | AA12: =COUNTIFS(Overview!$M:$M,">="&A12,Overview!$M:$M,"<="&B12,Overview!$B:$B,$AA$5,Overview!$T:$T,"*Yes*") -> 0 | AB12: =COUNTIFS(Overview!$M:$M,">="&A12,Overview!$M:$M,"<="&B12,Overview!$B:$B,$AB$5,Overview!$T:$T,"*Yes*") -> 0 | AC12: =COUNTIFS(Overview!$M:$M,">="&A12,Overview!$M:$M,"<="&B12,Overview!$B:$B,$AC$5,Overview!$T:$T,"*Yes*") -> 0 | AD12: =COUNTIFS(Overview!$M:$M,">="&A12,Overview!$M:$M,"<="&B12,Overview!$B:$B,$AD$5,Overview!$T:$T,"*Yes*") -> 0 | AE12: =COUNTIFS(Overview!$M:$M,">="&A12,Overview!$M:$M,"<="&B12,Overview!$B:$B,$AE$5,Overview!$T:$T,"*Yes*") -> 0 | AF12: =COUNTIFS(Overview!$M:$M,">="&A12,Overview!$M:$M,"<="&B12,Overview!$B:$B,$AF$5,Overview!$T:$T,"*Yes*") -> 0 | AG12: =COUNTIFS(Overview!$M:$M,">="&A12,Overview!$M:$M,"<="&B12,Overview!$B:$B,$AG$5,Overview!$T:$T,"*Yes*") -> 0 | AH12: =COUNTIFS(Overview!$M:$M,">="&A12,Overview!$M:$M,"<="&B12,Overview!$B:$B,$AH$5,Overview!$T:$T,"*Yes*") -> 0 | AI12: =COUNTIFS(Overview!$M:$M,">="&A12,Overview!$M:$M,"<="&B12,Overview!$B:$B,$AI$5,Overview!$T:$T,"*Yes*") -> 0 | AJ12: =COUNTIFS(Overview!$M:$M,">="&A12,Overview!$M:$M,"<="&B12,Overview!$B:$B,$AJ$5,Overview!$T:$T,"*Yes*") -> 0 | AL12: =SUM(D12:AJ12) -> 145 | AN12: =100*D12/AL12 -> 22.758621 | AO12: =100*E12/AL12 -> 26.896552 | AP12: =100*F12/AL12 -> 0 | AQ12: =100*G12/AL12 -> 4.137931 | AR12: =100*H12/AL12 -> 0 | AS12: =100*I12/AL12 -> 0 | AT12: =100*J12/AL12 -> 4.137931 | AU12: =100*K12/AL12 -> 3.4482759 | AV12: =100*L12/AL12 -> 0 | AW12: =100*M12/AL12 -> 10.344828 | AX12: =100*N12/AL12 -> 0 | AY12: =100*O12/AL12 -> 0 | AZ12: =100*P12/AL12 -> 9.6551724 | BA12: =100*Q12/AL12 -> 0 | BB12: =100*R12/AL12 -> 3.4482759 | BC12: =100*S12/AL12 -> 6.8965517 | BD12: =100*T12/AL12 -> 0 | BE12: =100*U12/AL12 -> 0 | BF12: =100*V12/AL12 -> 0 | BG12: =100*W12/AL12 -> 7.5862069 | BH12: =100*X12/AL12 -> 0 | BI12: =100*Y12/AL12 -> 0.68965517 | BJ12: =100*Z12/AL12 -> 0 | BK12: =100*AA12/AL12 -> 0 | BL12: =100*AB12/AL12 -> 0 | BM12: =100*AC12/AL12 -> 0 | BN12: =100*AD12/AL12 -> 0 | BO12: =100*AE12/AL12 -> 0 | BP12: =100*AF12/AL12 -> 0 | BQ12: =100*AG12/AL12 -> 0 | BR12: =100*AH12/AL12 -> 0 | BS12: =100*AI12/AL12 -> 0 | BT12: =100*AJ12/AL12 -> 0
A13: 41518 | B13: 41821 | C13: 2013/14 | D13: =COUNTIFS(Overview!$M:$M,">="&A13,Overview!$M:$M,"<="&B13,Overview!$B:$B,$D$5,Overview!$T:$T,"*Yes*") -> 35 | E13: =COUNTIFS(Overview!$M:$M,">="&A13,Overview!$M:$M,"<="&B13,Overview!$B:$B,$E$5,Overview!$T:$T,"*Yes*") -> 35 | F13: =COUNTIFS(Overview!$M:$M,">="&A13,Overview!$M:$M,"<="&B13,Overview!$B:$B,$F$5,Overview!$T:$T,"*Yes*") -> 0 | G13: =COUNTIFS(Overview!$M:$M,">="&A13,Overview!$M:$M,"<="&B13,Overview!$B:$B,$G$5,Overview!$T:$T,"*Yes*") -> 1 | H13: =COUNTIFS(Overview!$M:$M,">="&A13,Overview!$M:$M,"<="&B13,Overview!$B:$B,$H$5,Overview!$T:$T,"*Yes*") -> 9 | I13: =COUNTIFS(Overview!$M:$M,">="&A13,Overview!$M:$M,"<="&B13,Overview!$B:$B,$I$5,Overview!$T:$T,"*Yes*") -> 11 | J13: =COUNTIFS(Overview!$M:$M,">="&A13,Overview!$M:$M,"<="&B13,Overview!$B:$B,$J$5,Overview!$T:$T,"*Yes*") -> 0 | K13: =COUNTIFS(Overview!$M:$M,">="&A13,Overview!$M:$M,"<="&B13,Overview!$B:$B,$K$5,Overview!$T:$T,"*Yes*") -> 17 | L13: =COUNTIFS(Overview!$M:$M,">="&A13,Overview!$M:$M,"<="&B13,Overview!$B:$B,$L$5,Overview!$T:$T,"*Yes*") -> 0 | M13: =COUNTIFS(Overview!$M:$M,">="&A13,Overview!$M:$M,"<="&B13,Overview!$B:$B,$M$5,Overview!$T:$T,"*Yes*") -> 15 | N13: =COUNTIFS(Overview!$M:$M,">="&A13,Overview!$M:$M,"<="&B13,Overview!$B:$B,$N$5,Overview!$T:$T,"*Yes*") -> 0 | O13: =COUNTIFS(Overview!$M:$M,">="&A13,Overview!$M:$M,"<="&B13,Overview!$B:$B,$O$5,Overview!$T:$T,"*Yes*") -> 0 | P13: =COUNTIFS(Overview!$M:$M,">="&A13,Overview!$M:$M,"<="&B13,Overview!$B:$B,$P$5,Overview!$T:$T,"*Yes*") -> 14 | Q13: =COUNTIFS(Overview!$M:$M,">="&A13,Overview!$M:$M,"<="&B13,Overview!$B:$B,$Q$5,Overview!$T:$T,"*Yes*") -> 3 | R13: =COUNTIFS(Overview!$M:$M,">="&A13,Overview!$M:$M,"<="&B13,Overview!$B:$B,$R$5,Overview!$T:$T,"*Yes*") -> 5 | S13: =COUNTIFS(Overview!$M:$M,">="&A13,Overview!$M:$M,"<="&B13,Overview!$B:$B,$S$5,Overview!$T:$T,"*Yes*") -> 16 | T13: =COUNTIFS(Overview!$M:$M,">="&A13,Overview!$M:$M,"<="&B13,Overview!$B:$B,$T$5,Overview!$T:$T,"*Yes*") -> 0 | U13: =COUNTIFS(Overview!$M:$M,">="&A13,Overview!$M:$M,"<="&B13,Overview!$B:$B,$U$5,Overview!$T:$T,"*Yes*") -> 0 | V13: =COUNTIFS(Overview!$M:$M,">="&A13,Overview!$M:$M,"<="&B13,Overview!$B:$B,$V$5,Overview!$T:$T,"*Yes*") -> 0 | W13: =COUNTIFS(Overview!$M:$M,">="&A13,Overview!$M:$M,"<="&B13,Overview!$B:$B,$W$5,Overview!$T:$T,"*Yes*") -> 16 | X13: =COUNTIFS(Overview!$M:$M,">="&A13,Overview!$M:$M,"<="&B13,Overview!$B:$B,$X$5,Overview!$T:$T,"*Yes*") -> 0 | Y13: =COUNTIFS(Overview!$M:$M,">="&A13,Overview!$M:$M,"<="&B13,Overview!$B:$B,$Y$5,Overview!$T:$T,"*Yes*") -> 0 | Z13: =COUNTIFS(Overview!$M:$M,">="&A13,Overview!$M:$M,"<="&B13,Overview!$B:$B,$Z$5,Overview!$T:$T,"*Yes*") -> 0 | AA13: =COUNTIFS(Overview!$M:$M,">="&A13,Overview!$M:$M,"<="&B13,Overview!$B:$B,$AA$5,Overview!$T:$T,"*Yes*") -> 0 | AB13: =COUNTIFS(Overview!$M:$M,">="&A13,Overview!$M:$M,"<="&B13,Overview!$B:$B,$AB$5,Overview!$T:$T,"*Yes*") -> 0 | AC13: =COUNTIFS(Overview!$M:$M,">="&A13,Overview!$M:$M,"<="&B13,Overview!$B:$B,$AC$5,Overview!$T:$T,"*Yes*") -> 0 | AD13: =COUNTIFS(Overview!$M:$M,">="&A13,Overview!$M:$M,"<="&B13,Overview!$B:$B,$AD$5,Overview!$T:$T,"*Yes*") -> 0 | AE13: =COUNTIFS(Overview!$M:$M,">="&A13,Overview!$M:$M,"<="&B13,Overview!$B:$B,$AE$5,Overview!$T:$T,"*Yes*") -> 0 | AF13: =COUNTIFS(Overview!$M:$M,">="&A13,Overview!$M:$M,"<="&B13,Overview!$B:$B,$AF$5,Overview!$T:$T,"*Yes*") -> 0 | AG13: =COUNTIFS(Overview!$M:$M,">="&A13,Overview!$M:$M,"<="&B13,Overview!$B:$B,$AG$5,Overview!$T:$T,"*Yes*") -> 0 | AH13: =COUNTIFS(Overview!$M:$M,">="&A13,Overview!$M:$M,"<="&B13,Overview!$B:$B,$AH$5,Overview!$T:$T,"*Yes*") -> 0 | AI13: =COUNTIFS(Overview!$M:$M,">="&A13,Overview!$M:$M,"<="&B13,Overview!$B:$B,$AI$5,Overview!$T:$T,"*Yes*") -> 0 | AJ13: =COUNTIFS(Overview!$M:$M,">="&A13,Overview!$M:$M,"<="&B13,Overview!$B:$B,$AJ$5,Overview!$T:$T,"*Yes*") -> 0 | AL13: =SUM(D13:AJ13) -> 177 | AN13: =100*D13/AL13 -> 19.774011 | AO13: =100*E13/AL13 -> 19.774011 | AP13: =100*F13/AL13 -> 0 | AQ13: =100*G13/AL13 -> 0.56497175 | AR13: =100*H13/AL13 -> 5.0847458 | AS13: =100*I13/AL13 -> 6.2146893 | AT13: =100*J13/AL13 -> 0 | AU13: =100*K13/AL13 -> 9.6045198 | AV13: =100*L13/AL13 -> 0 | AW13: =100*M13/AL13 -> 8.4745763 | AX13: =100*N13/AL13 -> 0 | AY13: =100*O13/AL13 -> 0 | AZ13: =100*P13/AL13 -> 7.9096045 | BA13: =100*Q13/AL13 -> 1.6949153 | BB13: =100*R13/AL13 -> 2.8248588 | BC13: =100*S13/AL13 -> 9.039548 | BD13: =100*T13/AL13 -> 0 | BE13: =100*U13/AL13 -> 0 | BF13: =100*V13/AL13 -> 0 | BG13: =100*W13/AL13 -> 9.039548 | BH13: =100*X13/AL13 -> 0 | BI13: =100*Y13/AL13 -> 0 | BJ13: =100*Z13/AL13 -> 0 | BK13: =100*AA13/AL13 -> 0 | BL13: =100*AB13/AL13 -> 0 | BM13: =100*AC13/AL13 -> 0 | BN13: =100*AD13/AL13 -> 0 | BO13: =100*AE13/AL13 -> 0 | BP13: =100*AF13/AL13 -> 0 | BQ13: =100*AG13/AL13 -> 0 | BR13: =100*AH13/AL13 -> 0 | BS13: =100*AI13/AL13 -> 0 | BT13: =100*AJ13/AL13 -> 0
A14: 41883 | B14: 42186 | C14: 2014/15 | D14: =COUNTIFS(Overview!$M:$M,">="&A14,Overview!$M:$M,"<="&B14,Overview!$B:$B,$D$5,Overview!$T:$T,"*Yes*") -> 24 | E14: =COUNTIFS(Overview!$M:$M,">="&A14,Overview!$M:$M,"<="&B14,Overview!$B:$B,$E$5,Overview!$T:$T,"*Yes*") -> 33 | F14: =COUNTIFS(Overview!$M:$M,">="&A14,Overview!$M:$M,"<="&B14,Overview!$B:$B,$F$5,Overview!$T:$T,"*Yes*") -> 10 | G14: =COUNTIFS(Overview!$M:$M,">="&A14,Overview!$M:$M,"<="&B14,Overview!$B:$B,$G$5,Overview!$T:$T,"*Yes*") -> 0 | H14: =COUNTIFS(Overview!$M:$M,">="&A14,Overview!$M:$M,"<="&B14,Overview!$B:$B,$H$5,Overview!$T:$T,"*Yes*") -> 0 | I14: =COUNTIFS(Overview!$M:$M,">="&A14,Overview!$M:$M,"<="&B14,Overview!$B:$B,$I$5,Overview!$T:$T,"*Yes*") -> 7 | J14: =COUNTIFS(Overview!$M:$M,">="&A14,Overview!$M:$M,"<="&B14,Overview!$B:$B,$J$5,Overview!$T:$T,"*Yes*") -> 0 | K14: =COUNTIFS(Overview!$M:$M,">="&A14,Overview!$M:$M,"<="&B14,Overview!$B:$B,$K$5,Overview!$T:$T,"*Yes*") -> 13 | L14: =COUNTIFS(Overview!$M:$M,">="&A14,Overview!$M:$M,"<="&B14,Overview!$B:$B,$L$5,Overview!$T:$T,"*Yes*") -> 7 | M14: =COUNTIFS(Overview!$M:$M,">="&A14,Overview!$M:$M,"<="&B14,Overview!$B:$B,$M$5,Overview!$T:$T,"*Yes*") -> 14 | N14: =COUNTIFS(Overview!$M:$M,">="&A14,Overview!$M:$M,"<="&B14,Overview!$B:$B,$N$5,Overview!$T:$T,"*Yes*") -> 0 | O14: =COUNTIFS(Overview!$M:$M,">="&A14,Overview!$M:$M,"<="&B14,Overview!$B:$B,$O$5,Overview!$T:$T,"*Yes*") -> 0 | P14: =COUNTIFS(Overview!$M:$M,">="&A14,Overview!$M:$M,"<="&B14,Overview!$B:$B,$P$5,Overview!$T:$T,"*Yes*") -> 0 | Q14: =COUNTIFS(Overview!$M:$M,">="&A14,Overview!$M:$M,"<="&B14,Overview!$B:$B,$Q$5,Overview!$T:$T,"*Yes*") -> 4 | R14: =COUNTIFS(Overview!$M:$M,">="&A14,Overview!$M:$M,"<="&B14,Overview!$B:$B,$R$5,Overview!$T:$T,"*Yes*") -> 5 | S14: =COUNTIFS(Overview!$M:$M,">="&A14,Overview!$M:$M,"<="&B14,Overview!$B:$B,$S$5,Overview!$T:$T,"*Yes*") -> 0 | T14: =COUNTIFS(Overview!$M:$M,">="&A14,Overview!$M:$M,"<="&B14,Overview!$B:$B,$T$5,Overview!$T:$T,"*Yes*") -> 0 | U14: =COUNTIFS(Overview!$M:$M,">="&A14,Overview!$M:$M,"<="&B14,Overview!$B:$B,$U$5,Overview!$T:$T,"*Yes*") -> 0 | V14: =COUNTIFS(Overview!$M:$M,">="&A14,Overview!$M:$M,"<="&B14,Overview!$B:$B,$V$5,Overview!$T:$T,"*Yes*") -> 0 | W14: =COUNTIFS(Overview!$M:$M,">="&A14,Overview!$M:$M,"<="&B14,Overview!$B:$B,$W$5,Overview!$T:$T,"*Yes*") -> 13 | X14: =COUNTIFS(Overview!$M:$M,">="&A14,Overview!$M:$M,"<="&B14,Overview!$B:$B,$X$5,Overview!$T:$T,"*Yes*") -> 10 | Y14: =COUNTIFS(Overview!$M:$M,">="&A14,Overview!$M:$M,"<="&B14,Overview!$B:$B,$Y$5,Overview!$T:$T,"*Yes*") -> 0 | Z14: =COUNTIFS(Overview!$M:$M,">="&A14,Overview!$M:$M,"<="&B14,Overview!$B:$B,$Z$5,Overview!$T:$T,"*Yes*") -> 0 | AA14: =COUNTIFS(Overview!$M:$M,">="&A14,Overview!$M:$M,"<="&B14,Overview!$B:$B,$AA$5,Overview!$T:$T,"*Yes*") -> 0 | AB14: =COUNTIFS(Overview!$M:$M,">="&A14,Overview!$M:$M,"<="&B14,Overview!$B:$B,$AB$5,Overview!$T:$T,"*Yes*") -> 1 | AC14: =COUNTIFS(Overview!$M:$M,">="&A14,Overview!$M:$M,"<="&B14,Overview!$B:$B,$AC$5,Overview!$T:$T,"*Yes*") -> 2 | AD14: =COUNTIFS(Overview!$M:$M,">="&A14,Overview!$M:$M,"<="&B14,Overview!$B:$B,$AD$5,Overview!$T:$T,"*Yes*") -> 0 | AE14: =COUNTIFS(Overview!$M:$M,">="&A14,Overview!$M:$M,"<="&B14,Overview!$B:$B,$AE$5,Overview!$T:$T,"*Yes*") -> 0 | AF14: =COUNTIFS(Overview!$M:$M,">="&A14,Overview!$M:$M,"<="&B14,Overview!$B:$B,$AF$5,Overview!$T:$T,"*Yes*") -> 0 | AG14: =COUNTIFS(Overview!$M:$M,">="&A14,Overview!$M:$M,"<="&B14,Overview!$B:$B,$AG$5,Overview!$T:$T,"*Yes*") -> 0 | AH14: =COUNTIFS(Overview!$M:$M,">="&A14,Overview!$M:$M,"<="&B14,Overview!$B:$B,$AH$5,Overview!$T:$T,"*Yes*") -> 0 | AI14: =COUNTIFS(Overview!$M:$M,">="&A14,Overview!$M:$M,"<="&B14,Overview!$B:$B,$AI$5,Overview!$T:$T,"*Yes*") -> 0 | AJ14: =COUNTIFS(Overview!$M:$M,">="&A14,Overview!$M:$M,"<="&B14,Overview!$B:$B,$AJ$5,Overview!$T:$T,"*Yes*") -> 0 | AL14: =SUM(D14:AJ14) -> 143 | AN14: =100*D14/AL14 -> 16.783217 | AO14: =100*E14/AL14 -> 23.076923 | AP14: =100*F14/AL14 -> 6.993007 | AQ14: =100*G14/AL14 -> 0 | AR14: =100*H14/AL14 -> 0 | AS14: =100*I14/AL14 -> 4.8951049 | AT14: =100*J14/AL14 -> 0 | AU14: =100*K14/AL14 -> 9.0909091 | AV14: =100*L14/AL14 -> 4.8951049 | AW14: =100*M14/AL14 -> 9.7902098 | AX14: =100*N14/AL14 -> 0 | AY14: =100*O14/AL14 -> 0 | AZ14: =100*P14/AL14 -> 0 | BA14: =100*Q14/AL14 -> 2.7972028 | BB14: =100*R14/AL14 -> 3.4965035 | BC14: =100*S14/AL14 -> 0 | BD14: =100*T14/AL14 -> 0 | BE14: =100*U14/AL14 -> 0 | BF14: =100*V14/AL14 -> 0 | BG14: =100*W14/AL14 -> 9.0909091 | BH14: =100*X14/AL14 -> 6.993007 | BI14: =100*Y14/AL14 -> 0 | BJ14: =100*Z14/AL14 -> 0 | BK14: =100*AA14/AL14 -> 0 | BL14: =100*AB14/AL14 -> 0.6993007 | BM14: =100*AC14/AL14 -> 1.3986014 | BN14: =100*AD14/AL14 -> 0 | BO14: =100*AE14/AL14 -> 0 | BP14: =100*AF14/AL14 -> 0 | BQ14: =100*AG14/AL14 -> 0 | BR14: =100*AH14/AL14 -> 0 | BS14: =100*AI14/AL14 -> 0 | BT14: =100*AJ14/AL14 -> 0
A15: 42248 | B15: 42552 | C15: 2015/16 | D15: =COUNTIFS(Overview!$M:$M,">="&A15,Overview!$M:$M,"<="&B15,Overview!$B:$B,$D$5,Overview!$T:$T,"*Yes*") -> 29 | E15: =COUNTIFS(Overview!$M:$M,">="&A15,Overview!$M:$M,"<="&B15,Overview!$B:$B,$E$5,Overview!$T:$T,"*Yes*") -> 39 | F15: =COUNTIFS(Overview!$M:$M,">="&A15,Overview!$M:$M,"<="&B15,Overview!$B:$B,$F$5,Overview!$T:$T,"*Yes*") -> 15 | G15: =COUNTIFS(Overview!$M:$M,">="&A15,Overview!$M:$M,"<="&B15,Overview!$B:$B,$G$5,Overview!$T:$T,"*Yes*") -> 0 | H15: =COUNTIFS(Overview!$M:$M,">="&A15,Overview!$M:$M,"<="&B15,Overview!$B:$B,$H$5,Overview!$T:$T,"*Yes*") -> 0 | I15: =COUNTIFS(Overview!$M:$M,">="&A15,Overview!$M:$M,"<="&B15,Overview!$B:$B,$I$5,Overview!$T:$T,"*Yes*") -> 6 | J15: =COUNTIFS(Overview!$M:$M,">="&A15,Overview!$M:$M,"<="&B15,Overview!$B:$B,$J$5,Overview!$T:$T,"*Yes*") -> 6 | K15: =COUNTIFS(Overview!$M:$M,">="&A15,Overview!$M:$M,"<="&B15,Overview!$B:$B,$K$5,Overview!$T:$T,"*Yes*") -> 7 | L15: =COUNTIFS(Overview!$M:$M,">="&A15,Overview!$M:$M,"<="&B15,Overview!$B:$B,$L$5,Overview!$T:$T,"*Yes*") -> 6 | M15: =COUNTIFS(Overview!$M:$M,">="&A15,Overview!$M:$M,"<="&B15,Overview!$B:$B,$M$5,Overview!$T:$T,"*Yes*") -> 13 | N15: =COUNTIFS(Overview!$M:$M,">="&A15,Overview!$M:$M,"<="&B15,Overview!$B:$B,$N$5,Overview!$T:$T,"*Yes*") -> 0 | O15: =COUNTIFS(Overview!$M:$M,">="&A15,Overview!$M:$M,"<="&B15,Overview!$B:$B,$O$5,Overview!$T:$T,"*Yes*") -> 0 | P15: =COUNTIFS(Overview!$M:$M,">="&A15,Overview!$M:$M,"<="&B15,Overview!$B:$B,$P$5,Overview!$T:$T,"*Yes*") -> 0 | Q15: =COUNTIFS(Overview!$M:$M,">="&A15,Overview!$M:$M,"<="&B15,Overview!$B:$B,$Q$5,Overview!$T:$T,"*Yes*") -> 10 | R15: =COUNTIFS(Overview!$M:$M,">="&A15,Overview!$M:$M,"<="&B15,Overview!$B:$B,$R$5,Overview!$T:$T,"*Yes*") -> 4 | S15: =COUNTIFS(Overview!$M:$M,">="&A15,Overview!$M:$M,"<="&B15,Overview!$B:$B,$S$5,Overview!$T:$T,"*Yes*") -> 0 | T15: =COUNTIFS(Overview!$M:$M,">="&A15,Overview!$M:$M,"<="&B15,Overview!$B:$B,$T$5,Overview!$T:$T,"*Yes*") -> 0 | U15: =COUNTIFS(Overview!$M:$M,">="&A15,Overview!$M:$M,"<="&B15,Overview!$B:$B,$U$5,Overview!$T:$T,"*Yes*") -> 0 | V15: =COUNTIFS(Overview!$M:$M,">="&A15,Overview!$M:$M,"<="&B15,Overview!$B:$B,$V$5,Overview!$T:$T,"*Yes*") -> 0 | W15: =COUNTIFS(Overview!$M:$M,">="&A15,Overview!$M:$M,"<="&B15,Overview!$B:$B,$W$5,Overview!$T:$T,"*Yes*") -> 2 | X15: =COUNTIFS(Overview!$M:$M,">="&A15,Overview!$M:$M,"<="&B15,Overview!$B:$B,$X$5,Overview!$T:$T,"*Yes*") -> 13 | Y15: =COUNTIFS(Overview!$M:$M,">="&A15,Overview!$M:$M,"<="&B15,Overview!$B:$B,$Y$5,Overview!$T:$T,"*Yes*") -> 0 | Z15: =COUNTIFS(Overview!$M:$M,">="&A15,Overview!$M:$M,"<="&B15,Overview!$B:$B,$Z$5,Overview!$T:$T,"*Yes*") -> 10 | AA15: =COUNTIFS(Overview!$M:$M,">="&A15,Overview!$M:$M,"<="&B15,Overview!$B:$B,$AA$5,Overview!$T:$T,"*Yes*") -> 1 | AB15: =COUNTIFS(Overview!$M:$M,">="&A15,Overview!$M:$M,"<="&B15,Overview!$B:$B,$AB$5,Overview!$T:$T,"*Yes*") -> 1 | AC15: =COUNTIFS(Overview!$M:$M,">="&A15,Overview!$M:$M,"<="&B15,Overview!$B:$B,$AC$5,Overview!$T:$T,"*Yes*") -> 3 | AD15: =COUNTIFS(Overview!$M:$M,">="&A15,Overview!$M:$M,"<="&B15,Overview!$B:$B,$AD$5,Overview!$T:$T,"*Yes*") -> 0 | AE15: =COUNTIFS(Overview!$M:$M,">="&A15,Overview!$M:$M,"<="&B15,Overview!$B:$B,$AE$5,Overview!$T:$T,"*Yes*") -> 0 | AF15: =COUNTIFS(Overview!$M:$M,">="&A15,Overview!$M:$M,"<="&B15,Overview!$B:$B,$AF$5,Overview!$T:$T,"*Yes*") -> 0 | AG15: =COUNTIFS(Overview!$M:$M,">="&A15,Overview!$M:$M,"<="&B15,Overview!$B:$B,$AG$5,Overview!$T:$T,"*Yes*") -> 0 | AH15: =COUNTIFS(Overview!$M:$M,">="&A15,Overview!$M:$M,"<="&B15,Overview!$B:$B,$AH$5,Overview!$T:$T,"*Yes*") -> 0 | AI15: =COUNTIFS(Overview!$M:$M,">="&A15,Overview!$M:$M,"<="&B15,Overview!$B:$B,$AI$5,Overview!$T:$T,"*Yes*") -> 0 | AJ15: =COUNTIFS(Overview!$M:$M,">="&A15,Overview!$M:$M,"<="&B15,Overview!$B:$B,$AJ$5,Overview!$T:$T,"*Yes*") -> 0 | AL15: =SUM(D15:AJ15) -> 165 | AN15: =100*D15/AL15 -> 17.575758 | AO15: =100*E15/AL15 -> 23.636364 | AP15: =100*F15/AL15 -> 9.0909091 | AQ15: =100*G15/AL15 -> 0 | AR15: =100*H15/AL15 -> 0 | AS15: =100*I15/AL15 -> 3.6363636 | AT15: =100*J15/AL15 -> 3.6363636 | AU15: =100*K15/AL15 -> 4.2424242 | AV15: =100*L15/AL15 -> 3.6363636 | AW15: =100*M15/AL15 -> 7.8787879 | AX15: =100*N15/AL15 -> 0 | AY15: =100*O15/AL15 -> 0 | AZ15: =100*P15/AL15 -> 0 | BA15: =100*Q15/AL15 -> 6.0606061 | BB15: =100*R15/AL15 -> 2.4242424 | BC15: =100*S15/AL15 -> 0 | BD15: =100*T15/AL15 -> 0 | BE15: =100*U15/AL15 -> 0 | BF15: =100*V15/AL15 -> 0 | BG15: =100*W15/AL15 -> 1.2121212 | BH15: =100*X15/AL15 -> 7.8787879 | BI15: =100*Y15/AL15 -> 0 | BJ15: =100*Z15/AL15 -> 6.0606061 | BK15: =100*AA15/AL15 -> 0.60606061 | BL15: =100*AB15/AL15 -> 0.60606061 | BM15: =100*AC15/AL15 -> 1.8181818 | BN15: =100*AD15/AL15 -> 0 | BO15: =100*AE15/AL15 -> 0 | BP15: =100*AF15/AL15 -> 0 | BQ15: =100*AG15/AL15 -> 0 | BR15: =100*AH15/AL15 -> 0 | BS15: =100*AI15/AL15 -> 0 | BT15: =100*AJ15/AL15 -> 0
